time,p,Ksl,Us.0,Us.1,Us.2,cellLevel,epsilon,k,nut,rho,voidfraction,Area,Cell.Type,epoch,pressure_drop,,U.0,U.1,U.2
0.05,43.547,15119,8.75E-07,6.05E-07,4.56E-05,NA,NA,NA,NA,1.21,1,0.0017102,1,1,52.69187,,0,0,0.05
0.1,43.508,15116,-3.08E-06,-7.15E-07,3.13E-05,NA,NA,NA,NA,1.21,1,0.0017102,1,2,52.64468,,0,0,0.05
0.15,43.534,15116,1.11E-06,3.07E-07,-3.31E-06,NA,NA,NA,NA,1.21,1,0.0017102,1,3,52.67614,,0,0,0.05
0.2,43.573,15119,1.95E-06,8.63E-07,-1.97E-05,NA,NA,NA,NA,1.21,1,0.0017102,1,4,52.72333,,0,0,0.05
0.25,43.579,15120,-1.26E-06,-6.65E-07,-7.72E-06,NA,NA,NA,NA,1.21,1,0.0017102,1,5,52.73059,,0,0,0.05
0.3,43.55,15119,2.83E-07,2.25E-07,9.20E-06,NA,NA,NA,NA,1.21,1,0.0017102,1,6,52.6955,,0,0,0.05
0.35,43.537,15118,-1.49E-07,-3.81E-08,8.75E-06,NA,NA,NA,NA,1.21,1,0.0017102,1,7,52.67977,,0,0,0.05
0.4,43.551,15118,-4.07E-07,-2.32E-07,-1.93E-06,NA,NA,NA,NA,1.21,1,0.0017102,1,8,52.69671,,0,0,0.05
0.45,43.562,15118,7.75E-07,3.55E-07,-5.52E-06,NA,NA,NA,NA,1.21,1,0.0017102,1,9,52.71002,,0,0,0.05
0.5,43.558,15119,-1.78E-07,-1.32E-07,-1.16E-06,NA,NA,NA,NA,1.21,1,0.0017102,1,10,52.70518,,0,0,0.05
0.55,43.553,15118,-3.03E-07,-1.17E-07,2.18E-06,NA,NA,NA,NA,1.21,1,0.0017102,1,11,52.69913,,0,0,0.05
0.6,43.552,15118,1.09E-06,-4.62E-07,1.23E-06,NA,NA,NA,NA,1.21,1,0.0017102,1,12,52.69792,,0,0,0.05
0.65,43.553,15118,-1.96E-07,-9.95E-08,-3.03E-07,NA,NA,NA,NA,1.21,1,0.0017102,1,13,52.69913,,0,0,0.05
0.7,43.555,15118,4.24E-07,9.78E-08,-8.33E-07,NA,NA,NA,NA,1.21,1,0.0017102,1,14,52.70155,,0,0,0.05
0.75,43.556,15118,3.48E-07,3.69E-08,-5.33E-07,NA,NA,NA,NA,1.21,1,0.0017102,1,15,52.70276,,0,0,0.05
0.8,43.555,15118,1.48E-08,-1.49E-07,2.33E-07,NA,NA,NA,NA,1.21,1,0.0017102,1,16,52.70155,,0,0,0.05
0.85,43.554,15118,3.47E-08,1.57E-08,5.06E-07,NA,NA,NA,NA,1.21,1,0.0017102,1,17,52.70034,,0,0,0.05
0.9,43.554,15118,6.22E-08,7.90E-08,8.80E-08,NA,NA,NA,NA,1.21,1,0.0017102,1,18,52.70034,,0,0,0.05
0.95,43.555,15118,-1.03E-07,-8.80E-08,-2.78E-07,NA,NA,NA,NA,1.21,1,0.0017102,1,19,52.70155,,0,0,0.05
1,43.555,15118,5.80E-08,2.38E-08,-1.57E-07,NA,NA,NA,NA,1.21,1,0.0017102,1,20,52.70155,,0,0,0.05
1.05,43.554,15118,9.21E-09,2.10E-08,8.18E-08,NA,NA,NA,NA,1.21,1,0.0017102,1,21,52.70034,,0,0,0.05
1.1,43.554,15118,-9.55E-08,-4.14E-08,1.06E-07,NA,NA,NA,NA,1.21,1,0.0017102,1,22,52.70034,,0,0,0.05
1.15,43.554,15118,7.47E-08,4.61E-08,1.50E-08,NA,NA,NA,NA,1.21,1,0.0017102,1,23,52.70034,,0,0,0.05
1.2,43.554,15118,-1.83E-08,-1.22E-08,-3.72E-08,NA,NA,NA,NA,1.21,1,0.0017102,1,24,52.70034,,0,0,0.05
1.25,43.554,15118,-4.89E-08,-1.78E-08,-3.17E-08,NA,NA,NA,NA,1.21,1,0.0017102,1,25,52.70034,,0,0,0.05
1.3,43.554,15118,5.91E-08,2.48E-08,4.08E-10,NA,NA,NA,NA,1.21,1,0.0017102,1,26,52.70034,,0,0,0.05
1.35,43.554,15118,-1.91E-08,-8.62E-09,2.19E-08,NA,NA,NA,NA,1.21,1,0.0017102,1,27,52.70034,,0,0,0.05
1.4,43.554,15118,-2.17E-08,-8.18E-09,1.29E-08,NA,NA,NA,NA,1.21,1,0.0017102,1,28,52.70034,,0,0,0.05
1.45,43.554,15118,3.27E-08,1.37E-08,-8.48E-09,NA,NA,NA,NA,1.21,1,0.0017102,1,29,52.70034,,0,0,0.05
1.5,43.554,15118,-1.39E-08,-9.25E-09,-1.20E-08,NA,NA,NA,NA,1.21,1,0.0017102,1,30,52.70034,,0,0,0.05
1.55,43.554,15118,-7.29E-09,-2.54E-09,-5.79E-10,NA,NA,NA,NA,1.21,1,0.0017102,1,31,52.70034,,0,0,0.05
1.6,43.554,15118,1.83E-08,1.13E-08,5.97E-09,NA,NA,NA,NA,1.21,1,0.0017102,1,32,52.70034,,0,0,0.05
1.65,43.554,15118,-1.46E-08,-1.05E-08,3.17E-09,NA,NA,NA,NA,1.21,1,0.0017102,1,33,52.70034,,0,0,0.05
1.7,43.554,15118,1.08E-09,1.96E-09,-9.08E-10,NA,NA,NA,NA,1.21,1,0.0017102,1,34,52.70034,,0,0,0.05
1.75,43.554,15118,1.11E-08,5.71E-09,-2.60E-09,NA,NA,NA,NA,1.21,1,0.0017102,1,35,52.70034,,0,0,0.05
1.8,43.554,15118,-1.26E-08,-7.21E-09,-1.32E-09,NA,NA,NA,NA,1.21,1,0.0017102,1,36,52.70034,,0,0,0.05
1.85,43.554,15118,4.82E-09,3.48E-09,8.83E-10,NA,NA,NA,NA,1.21,1,0.0017102,1,37,52.70034,,0,0,0.05
1.9,43.554,15118,5.11E-09,1.57E-09,1.46E-09,NA,NA,NA,NA,1.21,1,0.0017102,1,38,52.70034,,0,0,0.05
1.95,43.554,15118,-9.62E-09,-4.48E-09,3.35E-10,NA,NA,NA,NA,1.21,1,0.0017102,1,39,52.70034,,0,0,0.05
2,43.554,15118,5.27E-09,3.56E-09,-8.80E-10,NA,NA,NA,NA,1.21,1,0.0017102,1,40,52.70034,,0,0,0.05
2.05,66.118,15190,2.22E-07,1.03E-07,9.01E-06,NA,NA,NA,NA,1.21,1,0.0017102,1,41,80.00278,,0,0,0.075
2.1,88.857,15260,1.99E-07,2.26E-08,8.62E-06,NA,NA,NA,NA,1.21,1,0.0017102,1,42,107.51697,,0,0,0.1
2.15,88.667,15261,-1.24E-07,1.58E-08,1.91E-06,NA,NA,NA,NA,1.21,1,0.0017102,1,43,107.28707,,0,0,0.1
2.2,88.671,15261,4.34E-08,1.06E-08,-2.51E-06,NA,NA,NA,NA,1.21,1,0.0017102,1,44,107.29191,,0,0,0.1
2.25,88.665,15261,9.65E-08,5.61E-08,1.51E-06,NA,NA,NA,NA,1.21,1,0.0017102,1,45,107.28465,,0,0,0.1
2.3,88.67,15261,-8.67E-08,-5.31E-08,-2.52E-07,NA,NA,NA,NA,1.21,1,0.0017102,1,46,107.2907,,0,0,0.1
2.35,88.669,15261,1.39E-07,8.49E-08,-5.72E-07,NA,NA,NA,NA,1.21,1,0.0017102,1,47,107.28949,,0,0,0.1
2.4,88.667,15261,-1.11E-07,-4.50E-08,6.35E-07,NA,NA,NA,NA,1.21,1,0.0017102,1,48,107.28707,,0,0,0.1
2.45,88.669,15261,5.87E-08,1.14E-08,-3.91E-07,NA,NA,NA,NA,1.21,1,0.0017102,1,49,107.28949,,0,0,0.1
2.5,88.668,15261,-8.74E-10,2.81E-08,6.46E-09,NA,NA,NA,NA,1.21,1,0.0017102,1,50,107.28828,,0,0,0.1
2.55,88.668,15261,-2.06E-08,-5.36E-08,1.22E-07,NA,NA,NA,NA,1.21,1,0.0017102,1,51,107.28828,,0,0,0.1
2.6,88.669,15261,6.21E-08,5.86E-08,-1.23E-07,NA,NA,NA,NA,1.21,1,0.0017102,1,52,107.28949,,0,0,0.1
2.65,88.668,15261,-5.99E-08,-4.77E-08,9.25E-08,NA,NA,NA,NA,1.21,1,0.0017102,1,53,107.28828,,0,0,0.1
2.7,88.669,15261,1.48E-08,1.58E-08,-2.19E-08,NA,NA,NA,NA,1.21,1,0.0017102,1,54,107.28949,,0,0,0.1
2.75,88.669,15261,-8.31E-09,8.63E-09,1.99E-08,NA,NA,NA,NA,1.21,1,0.0017102,1,55,107.28949,,0,0,0.1
2.8,88.668,15261,-2.86E-09,-1.87E-08,1.78E-08,NA,NA,NA,NA,1.21,1,0.0017102,1,56,107.28828,,0,0,0.1
2.85,88.668,15261,1.02E-08,1.94E-08,-5.87E-08,NA,NA,NA,NA,1.21,1,0.0017102,1,57,107.28828,,0,0,0.1
2.9,88.668,15261,-1.12E-08,-2.95E-08,6.00E-09,NA,NA,NA,NA,1.21,1,0.0017102,1,58,107.28828,,0,0,0.1
2.95,88.668,15261,9.02E-09,1.93E-08,-2.24E-08,NA,NA,NA,NA,1.21,1,0.0017102,1,59,107.28828,,0,0,0.1
3,88.668,15261,-1.61E-08,-2.75E-08,-3.56E-08,NA,NA,NA,NA,1.21,1,0.0017102,1,60,107.28828,,0,0,0.1
3.05,88.668,15261,3.16E-09,1.18E-08,1.53E-09,NA,NA,NA,NA,1.21,1,0.0017102,1,61,107.28828,,0,0,0.1
3.1,88.668,15261,-8.70E-09,-7.80E-09,-3.67E-08,NA,NA,NA,NA,1.21,1,0.0017102,1,62,107.28828,,0,0,0.1
3.15,88.668,15261,7.36E-10,-9.81E-09,-1.58E-08,NA,NA,NA,NA,1.21,1,0.0017102,1,63,107.28828,,0,0,0.1
3.2,88.668,15261,-2.52E-09,2.91E-09,-1.33E-08,NA,NA,NA,NA,1.21,1,0.0017102,1,64,107.28828,,0,0,0.1
3.25,88.668,15261,-3.78E-09,-1.63E-08,-3.54E-08,NA,NA,NA,NA,1.21,1,0.0017102,1,65,107.28828,,0,0,0.1
3.3,88.668,15261,-3.28E-09,7.11E-09,-9.42E-09,NA,NA,NA,NA,1.21,1,0.0017102,1,66,107.28828,,0,0,0.1
3.35,88.668,15261,-8.57E-09,-1.54E-08,-2.50E-08,NA,NA,NA,NA,1.21,1,0.0017102,1,67,107.28828,,0,0,0.1
3.4,88.668,15261,2.30E-09,1.96E-09,-2.73E-08,NA,NA,NA,NA,1.21,1,0.0017102,1,68,107.28828,,0,0,0.1
3.45,88.668,15261,-4.96E-09,-4.93E-09,-1.24E-08,NA,NA,NA,NA,1.21,1,0.0017102,1,69,107.28828,,0,0,0.1
3.5,88.668,15261,-1.98E-09,-1.03E-08,-3.06E-08,NA,NA,NA,NA,1.21,1,0.0017102,1,70,107.28828,,0,0,0.1
3.55,88.668,15261,-5.30E-09,1.30E-09,-1.74E-08,NA,NA,NA,NA,1.21,1,0.0017102,1,71,107.28828,,0,0,0.1
3.6,88.668,15261,-3.76E-09,-1.02E-08,-1.87E-08,NA,NA,NA,NA,1.21,1,0.0017102,1,72,107.28828,,0,0,0.1
3.65,88.668,15261,-2.50E-09,-3.73E-09,-2.91E-08,NA,NA,NA,NA,1.21,1,0.0017102,1,73,107.28828,,0,0,0.1
3.7,88.668,15261,-5.04E-09,-4.78E-09,-1.42E-08,NA,NA,NA,NA,1.21,1,0.0017102,1,74,107.28828,,0,0,0.1
3.75,88.668,15261,-1.77E-09,-4.05E-09,-2.53E-08,NA,NA,NA,NA,1.21,1,0.0017102,1,75,107.28828,,0,0,0.1
3.8,88.668,15261,-4.86E-09,-6.82E-09,-2.37E-08,NA,NA,NA,NA,1.21,1,0.0017102,1,76,107.28828,,0,0,0.1
3.85,88.668,15261,-2.11E-09,-3.45E-09,-1.62E-08,NA,NA,NA,NA,1.21,1,0.0017102,1,77,107.28828,,0,0,0.1
3.9,88.668,15261,-3.81E-09,-4.33E-09,-2.81E-08,NA,NA,NA,NA,1.21,1,0.0017102,1,78,107.28828,,0,0,0.1
3.95,88.668,15261,-5.48E-09,-8.91E-09,-1.82E-08,NA,NA,NA,NA,1.21,1,0.0017102,1,79,107.28828,,0,0,0.1
4,88.668,15261,-6.78E-10,-1.40E-09,-2.18E-08,NA,NA,NA,NA,1.21,1,0.0017102,1,80,107.28828,,0,0,0.1
4.05,88.668,15261,-3.38E-09,-6.67E-09,-2.53E-08,NA,NA,NA,NA,1.21,1,0.0017102,1,81,107.28828,,0,0,0.1
4.1,88.668,15261,-5.57E-09,-6.46E-09,-1.64E-08,NA,NA,NA,NA,1.21,1,0.0017102,1,82,107.28828,,0,0,0.1
4.15,111.94,15323,-3.00E-07,9.60E-08,1.42E-05,NA,NA,NA,NA,1.21,1,0.0017102,1,83,135.4474,,0,0,0.125
4.2,135.29,15382,3.10E-07,7.33E-07,1.99E-05,NA,NA,NA,NA,1.21,1,0.0017102,1,84,163.7009,,0,0,0.15
4.25,135.11,15378,4.12E-07,3.22E-07,-5.05E-06,NA,NA,NA,NA,1.21,1,0.0017102,1,85,163.4831,,0,0,0.15
4.3,135.1,15379,-4.40E-08,-8.45E-08,5.06E-06,NA,NA,NA,NA,1.21,1,0.0017102,1,86,163.471,,0,0,0.15
4.35,135.1,15379,6.69E-07,3.13E-07,-2.11E-06,NA,NA,NA,NA,1.21,1,0.0017102,1,87,163.471,,0,0,0.15
4.4,135.11,15380,4.35E-07,3.35E-07,-2.86E-07,NA,NA,NA,NA,1.21,1,0.0017102,1,88,163.4831,,0,0,0.15
4.45,135.1,15379,3.82E-07,1.58E-07,1.11E-06,NA,NA,NA,NA,1.21,1,0.0017102,1,89,163.471,,0,0,0.15
4.5,135.1,15379,6.48E-07,3.18E-07,-1.03E-06,NA,NA,NA,NA,1.21,1,0.0017102,1,90,163.471,,0,0,0.15
4.55,135.1,15379,1.65E-07,6.19E-08,7.52E-07,NA,NA,NA,NA,1.21,1,0.0017102,1,91,163.471,,0,0,0.15
4.6,135.11,15380,3.29E-07,8.95E-08,-3.17E-07,NA,NA,NA,NA,1.21,1,0.0017102,1,92,163.4831,,0,0,0.15
4.65,135.11,15380,1.32E-07,1.12E-07,-3.08E-07,NA,NA,NA,NA,1.21,1,0.0017102,1,93,163.4831,,0,0,0.15
4.7,135.1,15379,-6.17E-08,7.38E-08,5.14E-07,NA,NA,NA,NA,1.21,1,0.0017102,1,94,163.471,,0,0,0.15
4.75,135.1,15379,-9.85E-08,6.41E-08,-3.38E-07,NA,NA,NA,NA,1.21,1,0.0017102,1,95,163.471,,0,0,0.15
4.8,135.11,15379,-1.20E-07,-2.16E-08,1.99E-08,NA,NA,NA,NA,1.21,1,0.0017102,1,96,163.4831,,0,0,0.15
4.85,135.11,15379,-9.42E-08,-1.63E-08,1.79E-07,NA,NA,NA,NA,1.21,1,0.0017102,1,97,163.4831,,0,0,0.15
4.9,135.11,15379,-1.05E-07,-2.70E-08,-1.09E-07,NA,NA,NA,NA,1.21,1,0.0017102,1,98,163.4831,,0,0,0.15
4.95,135.11,15379,-1.44E-07,-1.04E-07,-1.67E-08,NA,NA,NA,NA,1.21,1,0.0017102,1,99,163.4831,,0,0,0.15
5,135.11,15379,-7.67E-08,-1.07E-07,-9.81E-08,NA,NA,NA,NA,1.21,1,0.0017102,1,100,163.4831,,0,0,0.15
5.05,135.11,15380,-4.08E-08,-1.04E-07,-6.60E-08,NA,NA,NA,NA,1.21,1,0.0017102,1,101,163.4831,,0,0,0.15
5.1,135.11,15379,-2.00E-09,-1.43E-07,-8.48E-08,NA,NA,NA,NA,1.21,1,0.0017102,1,102,163.4831,,0,0,0.15
5.15,135.11,15379,1.06E-08,-1.25E-07,2.47E-08,NA,NA,NA,NA,1.21,1,0.0017102,1,103,163.4831,,0,0,0.15
5.2,135.11,15379,2.49E-08,-4.28E-08,1.64E-08,NA,NA,NA,NA,1.21,1,0.0017102,1,104,163.4831,,0,0,0.15
5.25,135.11,15379,4.20E-08,3.57E-08,-2.33E-08,NA,NA,NA,NA,1.21,1,0.0017102,1,105,163.4831,,0,0,0.15
5.3,135.11,15379,1.06E-08,-4.80E-09,-1.79E-09,NA,NA,NA,NA,1.21,1,0.0017102,1,106,163.4831,,0,0,0.15
5.35,135.11,15379,5.66E-08,3.95E-09,-3.86E-08,NA,NA,NA,NA,1.21,1,0.0017102,1,107,163.4831,,0,0,0.15
5.4,135.11,15379,3.30E-08,-8.47E-08,-1.47E-08,NA,NA,NA,NA,1.21,1,0.0017102,1,108,163.4831,,0,0,0.15
5.45,135.11,15379,-1.97E-09,4.70E-08,5.02E-08,NA,NA,NA,NA,1.21,1,0.0017102,1,109,163.4831,,0,0,0.15
5.5,135.11,15379,2.42E-08,2.32E-08,-6.72E-08,NA,NA,NA,NA,1.21,1,0.0017102,1,110,163.4831,,0,0,0.15
5.55,135.11,15379,4.50E-08,3.39E-08,-4.49E-08,NA,NA,NA,NA,1.21,1,0.0017102,1,111,163.4831,,0,0,0.15
5.6,135.11,15380,7.86E-09,8.68E-08,-3.17E-09,NA,NA,NA,NA,1.21,1,0.0017102,1,112,163.4831,,0,0,0.15
5.65,135.11,15379,-4.96E-08,1.29E-07,-9.24E-08,NA,NA,NA,NA,1.21,1,0.0017102,1,113,163.4831,,0,0,0.15
5.7,135.11,15379,-3.40E-08,2.35E-08,6.41E-09,NA,NA,NA,NA,1.21,1,0.0017102,1,114,163.4831,,0,0,0.15
5.75,135.11,15380,-1.28E-08,4.42E-08,-1.24E-07,NA,NA,NA,NA,1.21,1,0.0017102,1,115,163.4831,,0,0,0.15
5.8,135.11,15379,-2.36E-09,-2.34E-08,-7.64E-08,NA,NA,NA,NA,1.21,1,0.0017102,1,116,163.4831,,0,0,0.15
5.85,135.11,15379,-7.45E-09,-1.86E-08,-2.19E-08,NA,NA,NA,NA,1.21,1,0.0017102,1,117,163.4831,,0,0,0.15
5.9,135.11,15380,-2.37E-08,6.08E-08,-5.19E-08,NA,NA,NA,NA,1.21,1,0.0017102,1,118,163.4831,,0,0,0.15
5.95,135.11,15379,4.03E-08,-3.99E-08,-5.09E-08,NA,NA,NA,NA,1.21,1,0.0017102,1,119,163.4831,,0,0,0.15
6,135.11,15379,-3.13E-08,-7.26E-08,-7.26E-09,NA,NA,NA,NA,1.21,1,0.0017102,1,120,163.4831,,0,0,0.15
6.05,135.11,15379,-4.71E-08,6.12E-08,-1.01E-08,NA,NA,NA,NA,1.21,1,0.0017102,1,121,163.4831,,0,0,0.15
6.1,135.11,15380,-3.15E-08,4.50E-08,4.53E-08,NA,NA,NA,NA,1.21,1,0.0017102,1,122,163.4831,,0,0,0.15
6.15,135.11,15379,6.45E-09,4.82E-08,1.26E-09,NA,NA,NA,NA,1.21,1,0.0017102,1,123,163.4831,,0,0,0.15
6.2,135.11,15380,1.10E-08,-7.81E-09,-9.22E-08,NA,NA,NA,NA,1.21,1,0.0017102,1,124,163.4831,,0,0,0.15
6.25,158.85,15411,2.65E-07,-1.20E-06,2.90E-05,NA,NA,NA,NA,1.21,1,0.0017102,1,125,192.2085,,0,0,0.175
6.3,182.11,15392,-5.79E-06,-5.74E-06,5.75E-05,NA,NA,NA,NA,1.21,1,0.0017102,1,126,220.3531,,0,0,0.2
6.35,181.78,15372,-8.03E-07,-1.68E-07,1.25E-07,NA,NA,NA,NA,1.21,1,0.0017102,1,127,219.9538,,0,0,0.2
6.4,181.78,15373,-3.70E-07,-3.78E-07,4.50E-06,NA,NA,NA,NA,1.21,1,0.0017102,1,128,219.9538,,0,0,0.2
6.45,181.79,15374,1.07E-06,4.16E-07,1.67E-06,NA,NA,NA,NA,1.21,1,0.0017102,1,129,219.9659,,0,0,0.2
6.5,181.79,15373,4.54E-07,5.40E-07,1.51E-06,NA,NA,NA,NA,1.21,1,0.0017102,1,130,219.9659,,0,0,0.2
6.55,181.79,15373,-5.80E-07,-4.81E-07,-5.43E-07,NA,NA,NA,NA,1.21,1,0.0017102,1,131,219.9659,,0,0,0.2
6.6,181.8,15373,5.91E-07,-9.42E-08,-1.14E-06,NA,NA,NA,NA,1.21,1,0.0017102,1,132,219.978,,0,0,0.2
6.65,181.79,15373,2.80E-07,-1.17E-07,-1.04E-06,NA,NA,NA,NA,1.21,1,0.0017102,1,133,219.9659,,0,0,0.2
6.7,181.79,15373,1.75E-07,1.16E-08,-1.03E-06,NA,NA,NA,NA,1.21,1,0.0017102,1,134,219.9659,,0,0,0.2
6.75,181.79,15373,-5.35E-07,-2.12E-08,7.27E-08,NA,NA,NA,NA,1.21,1,0.0017102,1,135,219.9659,,0,0,0.2
6.8,181.79,15373,-1.24E-08,-4.37E-08,-2.07E-07,NA,NA,NA,NA,1.21,1,0.0017102,1,136,219.9659,,0,0,0.2
6.85,181.79,15373,2.21E-07,-1.31E-07,7.40E-07,NA,NA,NA,NA,1.21,1,0.0017102,1,137,219.9659,,0,0,0.2
6.9,181.79,15373,4.50E-08,-4.07E-07,4.82E-07,NA,NA,NA,NA,1.21,1,0.0017102,1,138,219.9659,,0,0,0.2
6.95,181.79,15373,-5.03E-07,-7.77E-08,8.69E-08,NA,NA,NA,NA,1.21,1,0.0017102,1,139,219.9659,,0,0,0.2
7,181.79,15373,5.58E-07,3.12E-07,5.16E-07,NA,NA,NA,NA,1.21,1,0.0017102,1,140,219.9659,,0,0,0.2
7.05,181.79,15373,1.28E-07,1.77E-07,-6.45E-07,NA,NA,NA,NA,1.21,1,0.0017102,1,141,219.9659,,0,0,0.2
7.1,181.8,15373,-5.16E-07,-1.63E-08,1.31E-07,NA,NA,NA,NA,1.21,1,0.0017102,1,142,219.978,,0,0,0.2
7.15,181.8,15373,-1.93E-07,1.29E-07,-2.60E-07,NA,NA,NA,NA,1.21,1,0.0017102,1,143,219.978,,0,0,0.2
7.2,181.8,15373,2.23E-09,5.02E-07,-1.98E-07,NA,NA,NA,NA,1.21,1,0.0017102,1,144,219.978,,0,0,0.2
7.25,181.79,15373,1.49E-07,-7.25E-08,3.69E-07,NA,NA,NA,NA,1.21,1,0.0017102,1,145,219.9659,,0,0,0.2
7.3,181.79,15373,-2.09E-07,-5.67E-07,-6.33E-09,NA,NA,NA,NA,1.21,1,0.0017102,1,146,219.9659,,0,0,0.2
7.35,181.79,15373,3.64E-07,2.40E-07,5.80E-07,NA,NA,NA,NA,1.21,1,0.0017102,1,147,219.9659,,0,0,0.2
7.4,181.79,15373,6.37E-09,1.45E-07,-1.58E-07,NA,NA,NA,NA,1.21,1,0.0017102,1,148,219.9659,,0,0,0.2
7.45,181.8,15373,1.06E-07,2.05E-07,1.20E-07,NA,NA,NA,NA,1.21,1,0.0017102,1,149,219.978,,0,0,0.2
7.5,181.8,15373,1.43E-07,-1.88E-07,-4.55E-07,NA,NA,NA,NA,1.21,1,0.0017102,1,150,219.978,,0,0,0.2
7.55,181.8,15373,1.40E-07,-1.51E-07,-6.71E-08,NA,NA,NA,NA,1.21,1,0.0017102,1,151,219.978,,0,0,0.2
7.6,181.8,15373,-1.50E-07,5.12E-07,-7.66E-08,NA,NA,NA,NA,1.21,1,0.0017102,1,152,219.978,,0,0,0.2
7.65,181.8,15373,-3.22E-07,3.22E-07,-1.38E-07,NA,NA,NA,NA,1.21,1,0.0017102,1,153,219.978,,0,0,0.2
7.7,181.79,15373,-1.43E-07,-1.10E-07,4.64E-07,NA,NA,NA,NA,1.21,1,0.0017102,1,154,219.9659,,0,0,0.2
7.75,181.79,15373,-1.48E-07,1.37E-07,-3.14E-07,NA,NA,NA,NA,1.21,1,0.0017102,1,155,219.9659,,0,0,0.2
7.8,181.8,15374,-8.59E-08,5.73E-08,2.28E-07,NA,NA,NA,NA,1.21,1,0.0017102,1,156,219.978,,0,0,0.2
7.85,181.8,15373,-1.32E-07,2.51E-07,-2.75E-07,NA,NA,NA,NA,1.21,1,0.0017102,1,157,219.978,,0,0,0.2
7.9,181.79,15373,-2.84E-08,-2.59E-07,1.64E-07,NA,NA,NA,NA,1.21,1,0.0017102,1,158,219.9659,,0,0,0.2
7.95,181.8,15373,5.84E-07,4.65E-07,-1.73E-07,NA,NA,NA,NA,1.21,1,0.0017102,1,159,219.978,,0,0,0.2
8,181.8,15373,3.20E-07,-2.00E-07,-1.63E-07,NA,NA,NA,NA,1.21,1,0.0017102,1,160,219.978,,0,0,0.2
8.05,181.8,15373,-1.11E-07,-1.12E-07,1.33E-07,NA,NA,NA,NA,1.21,1,0.0017102,1,161,219.978,,0,0,0.2
8.1,181.8,15373,-7.68E-08,1.62E-07,-4.91E-07,NA,NA,NA,NA,1.21,1,0.0017102,1,162,219.978,,0,0,0.2
8.15,181.8,15373,-7.90E-08,-5.74E-08,2.55E-07,NA,NA,NA,NA,1.21,1,0.0017102,1,163,219.978,,0,0,0.2
8.2,181.79,15373,1.67E-07,1.83E-10,-1.31E-07,NA,NA,NA,NA,1.21,1,0.0017102,1,164,219.9659,,0,0,0.2
8.25,181.8,15373,5.68E-08,8.69E-08,-9.24E-08,NA,NA,NA,NA,1.21,1,0.0017102,1,165,219.978,,0,0,0.2
8.3,181.8,15373,2.11E-07,-2.47E-07,-2.50E-07,NA,NA,NA,NA,1.21,1,0.0017102,1,166,219.978,,0,0,0.2
8.35,197.11,14683,2.53E-05,8.32E-06,3.51E-05,NA,NA,NA,NA,1.21,1,0.0017102,1,167,238.5031,,0,0,0.225
8.4,187.17,13886,-8.95E-06,-1.38E-07,-6.05E-06,NA,NA,NA,NA,1.21,1,0.0017102,1,168,226.4757,,0,0,0.25
8.45,183.59,14091,-5.83E-05,-2.36E-05,2.15E-06,NA,NA,NA,NA,1.21,1,0.0017102,1,169,222.1439,,0,0,0.25
8.5,189.49,13996,3.08E-06,4.07E-06,2.67E-06,NA,NA,NA,NA,1.21,1,0.0017102,1,170,229.2829,,0,0,0.25
8.55,184.04,13927,-8.83E-07,-2.09E-06,-4.18E-06,NA,NA,NA,NA,1.21,1,0.0017102,1,171,222.6884,,0,0,0.25
8.6,186.61,14021,-5.45E-06,-4.12E-06,-2.27E-06,NA,NA,NA,NA,1.21,1,0.0017102,1,172,225.7981,,0,0,0.25
8.65,185.92,13994,-1.67E-06,-2.37E-06,-1.19E-06,NA,NA,NA,NA,1.21,1,0.0017102,1,173,224.9632,,0,0,0.25
8.7,185.86,13985,5.05E-08,5.03E-07,4.28E-07,NA,NA,NA,NA,1.21,1,0.0017102,1,174,224.8906,,0,0,0.25
8.75,185.9,13969,-1.04E-06,-1.63E-06,4.57E-07,NA,NA,NA,NA,1.21,1,0.0017102,1,175,224.939,,0,0,0.25
8.8,185.97,13968,-1.14E-06,-1.73E-07,3.85E-07,NA,NA,NA,NA,1.21,1,0.0017102,1,176,225.0237,,0,0,0.25
8.85,185.95,13983,9.61E-07,-1.13E-06,2.76E-07,NA,NA,NA,NA,1.21,1,0.0017102,1,177,224.9995,,0,0,0.25
8.9,185.94,13985,-5.03E-07,2.77E-08,-1.96E-07,NA,NA,NA,NA,1.21,1,0.0017102,1,178,224.9874,,0,0,0.25
8.95,185.94,13984,-4.83E-07,6.41E-07,3.86E-07,NA,NA,NA,NA,1.21,1,0.0017102,1,179,224.9874,,0,0,0.25
9,185.94,13984,7.66E-07,6.45E-07,2.08E-07,NA,NA,NA,NA,1.21,1,0.0017102,1,180,224.9874,,0,0,0.25
9.05,185.92,13991,-1.23E-07,-5.98E-07,-5.91E-07,NA,NA,NA,NA,1.21,1,0.0017102,1,181,224.9632,,0,0,0.25
9.1,185.95,13996,7.19E-07,-1.13E-06,-4.53E-08,NA,NA,NA,NA,1.21,1,0.0017102,1,182,224.9995,,0,0,0.25
9.15,185.96,14002,-1.49E-06,6.10E-07,-1.53E-06,NA,NA,NA,NA,1.21,1,0.0017102,1,183,225.0116,,0,0,0.25
9.2,185.96,14009,1.22E-07,-1.89E-06,2.02E-07,NA,NA,NA,NA,1.21,1,0.0017102,1,184,225.0116,,0,0,0.25
9.25,185.96,14008,1.02E-06,5.32E-07,-1.17E-06,NA,NA,NA,NA,1.21,1,0.0017102,1,185,225.0116,,0,0,0.25
9.3,185.99,14008,-9.27E-08,4.07E-07,-3.63E-07,NA,NA,NA,NA,1.21,1,0.0017102,1,186,225.0479,,0,0,0.25
9.35,185.96,14005,-8.90E-07,-8.48E-07,-1.17E-07,NA,NA,NA,NA,1.21,1,0.0017102,1,187,225.0116,,0,0,0.25
9.4,185.94,14006,8.13E-07,-1.03E-06,1.88E-07,NA,NA,NA,NA,1.21,1,0.0017102,1,188,224.9874,,0,0,0.25
9.45,185.94,14007,-2.76E-07,-3.36E-08,-1.18E-07,NA,NA,NA,NA,1.21,1,0.0017102,1,189,224.9874,,0,0,0.25
9.5,185.89,14012,-2.81E-07,-1.50E-07,2.22E-07,NA,NA,NA,NA,1.21,1,0.0017102,1,190,224.9269,,0,0,0.25
9.55,185.9,14014,-5.93E-07,-1.39E-07,4.05E-07,NA,NA,NA,NA,1.21,1,0.0017102,1,191,224.939,,0,0,0.25
9.6,185.9,14017,5.27E-07,-6.02E-07,-5.58E-07,NA,NA,NA,NA,1.21,1,0.0017102,1,192,224.939,,0,0,0.25
9.65,185.9,14018,1.38E-07,-3.82E-08,8.14E-07,NA,NA,NA,NA,1.21,1,0.0017102,1,193,224.939,,0,0,0.25
9.7,185.91,14020,-2.29E-07,-1.35E-06,1.13E-07,NA,NA,NA,NA,1.21,1,0.0017102,1,194,224.9511,,0,0,0.25
9.75,185.91,14021,3.04E-07,6.39E-07,1.71E-08,NA,NA,NA,NA,1.21,1,0.0017102,1,195,224.9511,,0,0,0.25
9.8,185.9,14023,3.38E-07,-5.91E-07,3.27E-08,NA,NA,NA,NA,1.21,1,0.0017102,1,196,224.939,,0,0,0.25
9.85,185.88,14021,5.96E-07,4.95E-07,-7.64E-08,NA,NA,NA,NA,1.21,1,0.0017102,1,197,224.9148,,0,0,0.25
9.9,185.9,14019,2.52E-07,-4.96E-07,-1.40E-07,NA,NA,NA,NA,1.21,1,0.0017102,1,198,224.939,,0,0,0.25
9.95,185.89,14021,4.74E-07,-2.83E-07,-4.81E-08,NA,NA,NA,NA,1.21,1,0.0017102,1,199,224.9269,,0,0,0.25
10,185.9,14021,-5.40E-07,-8.87E-09,-6.14E-07,NA,NA,NA,NA,1.21,1,0.0017102,1,200,224.939,,0,0,0.25
10.05,185.9,14024,-5.27E-07,6.65E-07,-4.55E-07,NA,NA,NA,NA,1.21,1,0.0017102,1,201,224.939,,0,0,0.25
10.1,185.9,14023,3.01E-07,6.76E-07,-3.22E-09,NA,NA,NA,NA,1.21,1,0.0017102,1,202,224.939,,0,0,0.25
10.15,185.9,14022,1.87E-07,-3.30E-07,-5.83E-07,NA,NA,NA,NA,1.21,1,0.0017102,1,203,224.939,,0,0,0.25
10.2,185.91,14022,4.53E-07,-5.52E-08,7.26E-08,NA,NA,NA,NA,1.21,1,0.0017102,1,204,224.9511,,0,0,0.25
10.25,185.91,14023,5.75E-07,-5.12E-07,-6.82E-07,NA,NA,NA,NA,1.21,1,0.0017102,1,205,224.9511,,0,0,0.25
10.3,185.9,14024,1.60E-07,4.61E-07,2.19E-07,NA,NA,NA,NA,1.21,1,0.0017102,1,206,224.939,,0,0,0.25
10.35,185.88,14024,6.16E-07,1.08E-06,1.94E-07,NA,NA,NA,NA,1.21,1,0.0017102,1,207,224.9148,,0,0,0.25
10.4,185.88,14024,-8.31E-08,4.05E-07,-6.04E-08,NA,NA,NA,NA,1.21,1,0.0017102,1,208,224.9148,,0,0,0.25
10.45,187.75,13814,-4.27E-06,-3.08E-06,-1.16E-06,NA,NA,NA,NA,1.21,1,0.0017102,1,209,227.1775,,0,0,0.275
10.5,181.61,13970,-1.92E-05,-3.79E-06,7.05E-06,NA,NA,NA,NA,1.21,1,0.0017102,1,210,219.7481,,0,0,0.3
10.55,184.14,14126,-3.94E-06,1.29E-05,-7.53E-06,NA,NA,NA,NA,1.21,1,0.0017102,1,211,222.8094,,0,0,0.3
10.6,182.61,14032,-1.26E-05,-3.62E-06,-3.30E-06,NA,NA,NA,NA,1.21,1,0.0017102,1,212,220.9581,,0,0,0.3
10.65,183.53,14080,-6.21E-06,-2.25E-06,6.70E-06,NA,NA,NA,NA,1.21,1,0.0017102,1,213,222.0713,,0,0,0.3
10.7,183.06,13993,5.80E-06,2.36E-06,5.23E-07,NA,NA,NA,NA,1.21,1,0.0017102,1,214,221.5026,,0,0,0.3
10.75,182.22,14082,1.26E-06,-4.18E-06,-5.14E-06,NA,NA,NA,NA,1.21,1,0.0017102,1,215,220.4862,,0,0,0.3
10.8,183.55,14078,-4.75E-06,-1.77E-07,3.75E-06,NA,NA,NA,NA,1.21,1,0.0017102,1,216,222.0955,,0,0,0.3
10.85,182.74,13989,2.64E-06,7.37E-07,9.36E-07,NA,NA,NA,NA,1.21,1,0.0017102,1,217,221.1154,,0,0,0.3
10.9,182.52,14031,-1.92E-06,6.31E-07,-8.28E-07,NA,NA,NA,NA,1.21,1,0.0017102,1,218,220.8492,,0,0,0.3
10.95,182.8,14070,-5.05E-06,-8.16E-07,6.04E-07,NA,NA,NA,NA,1.21,1,0.0017102,1,219,221.188,,0,0,0.3
11,182.74,14110,3.16E-07,-1.17E-06,-4.73E-07,NA,NA,NA,NA,1.21,1,0.0017102,1,220,221.1154,,0,0,0.3
11.05,182.8,14109,1.41E-06,-6.73E-07,2.04E-06,NA,NA,NA,NA,1.21,1,0.0017102,1,221,221.188,,0,0,0.3
11.1,182.81,14054,6.63E-07,5.76E-07,3.40E-06,NA,NA,NA,NA,1.21,1,0.0017102,1,222,221.2001,,0,0,0.3
11.15,182.65,14024,-1.18E-06,2.66E-06,-2.22E-06,NA,NA,NA,NA,1.21,1,0.0017102,1,223,221.0065,,0,0,0.3
11.2,182.68,14039,-2.41E-06,8.25E-07,-3.62E-07,NA,NA,NA,NA,1.21,1,0.0017102,1,224,221.0428,,0,0,0.3
11.25,182.66,14072,-1.79E-06,2.94E-07,-3.88E-06,NA,NA,NA,NA,1.21,1,0.0017102,1,225,221.0186,,0,0,0.3
11.3,182.6,14096,-1.51E-06,6.80E-07,-6.06E-06,NA,NA,NA,NA,1.21,1,0.0017102,1,226,220.946,,0,0,0.3
11.35,182.67,14104,1.13E-06,-1.92E-06,-3.19E-06,NA,NA,NA,NA,1.21,1,0.0017102,1,227,221.0307,,0,0,0.3
11.4,182.67,14090,1.40E-06,3.53E-06,-2.30E-06,NA,NA,NA,NA,1.21,1,0.0017102,1,228,221.0307,,0,0,0.3
11.45,182.44,14076,-4.13E-07,-3.12E-06,1.76E-06,NA,NA,NA,NA,1.21,1,0.0017102,1,229,220.7524,,0,0,0.3
11.5,182.47,14090,1.90E-06,-7.32E-07,-3.87E-07,NA,NA,NA,NA,1.21,1,0.0017102,1,230,220.7887,,0,0,0.3
11.55,182.39,14116,-1.47E-06,-4.35E-06,-8.59E-06,NA,NA,NA,NA,1.21,1,0.0017102,1,231,220.6919,,0,0,0.3
11.6,182.39,14101,-3.56E-06,4.51E-08,-1.80E-07,NA,NA,NA,NA,1.21,1,0.0017102,1,232,220.6919,,0,0,0.3
11.65,182.58,14075,-2.82E-06,-1.19E-06,6.62E-07,NA,NA,NA,NA,1.21,1,0.0017102,1,233,220.9218,,0,0,0.3
11.7,182.57,14059,1.03E-06,-2.04E-06,-2.71E-06,NA,NA,NA,NA,1.21,1,0.0017102,1,234,220.9097,,0,0,0.3
11.75,182.35,14104,-1.15E-06,4.26E-07,-3.27E-07,NA,NA,NA,NA,1.21,1,0.0017102,1,235,220.6435,,0,0,0.3
11.8,182.4,14132,-1.13E-06,-2.18E-07,6.39E-07,NA,NA,NA,NA,1.21,1,0.0017102,1,236,220.704,,0,0,0.3
11.85,182.48,14140,1.91E-06,-3.36E-06,1.58E-06,NA,NA,NA,NA,1.21,1,0.0017102,1,237,220.8008,,0,0,0.3
11.9,182.52,14122,-4.70E-06,4.51E-06,4.75E-07,NA,NA,NA,NA,1.21,1,0.0017102,1,238,220.8492,,0,0,0.3
11.95,182.56,14070,9.08E-07,3.04E-06,2.18E-06,NA,NA,NA,NA,1.21,1,0.0017102,1,239,220.8976,,0,0,0.3
12,182.64,14042,-1.51E-06,2.12E-08,-1.41E-06,NA,NA,NA,NA,1.21,1,0.0017102,1,240,220.9944,,0,0,0.3
12.05,182.45,14098,-1.14E-06,-1.04E-06,-5.68E-06,NA,NA,NA,NA,1.21,1,0.0017102,1,241,220.7645,,0,0,0.3
12.1,182.45,14125,-3.27E-06,-6.20E-08,-1.85E-06,NA,NA,NA,NA,1.21,1,0.0017102,1,242,220.7645,,0,0,0.3
12.15,182.52,14129,3.26E-06,3.53E-06,2.32E-06,NA,NA,NA,NA,1.21,1,0.0017102,1,243,220.8492,,0,0,0.3
12.2,182.6,14082,-2.47E-06,3.98E-07,1.88E-07,NA,NA,NA,NA,1.21,1,0.0017102,1,244,220.946,,0,0,0.3
12.25,182.65,14060,-2.99E-06,2.17E-06,1.30E-06,NA,NA,NA,NA,1.21,1,0.0017102,1,245,221.0065,,0,0,0.3
12.3,182.73,14047,-5.83E-07,1.48E-06,-1.52E-06,NA,NA,NA,NA,1.21,1,0.0017102,1,246,221.1033,,0,0,0.3
12.35,182.5,14113,7.00E-07,-6.26E-07,-2.81E-06,NA,NA,NA,NA,1.21,1,0.0017102,1,247,220.825,,0,0,0.3
12.4,182.59,14118,-2.10E-06,5.35E-06,-2.02E-06,NA,NA,NA,NA,1.21,1,0.0017102,1,248,220.9339,,0,0,0.3
12.45,182.66,14124,-2.43E-07,-3.10E-06,-1.32E-06,NA,NA,NA,NA,1.21,1,0.0017102,1,249,221.0186,,0,0,0.3
12.5,182.64,14052,-2.98E-08,-3.15E-07,-2.96E-07,NA,NA,NA,NA,1.21,1,0.0017102,1,250,220.9944,,0,0,0.3
12.55,184.69,13923,-3.89E-07,-2.32E-06,9.37E-07,NA,NA,NA,NA,1.21,1,0.0017102,1,251,223.4749,,0,0,0.325
12.6,182.73,14031,1.93E-06,-1.24E-06,-3.01E-06,NA,NA,NA,NA,1.21,1,0.0017102,1,252,221.1033,,0,0,0.35
12.65,183.58,14118,-1.05E-05,1.85E-06,1.15E-05,NA,NA,NA,NA,1.21,1,0.0017102,1,253,222.1318,,0,0,0.35
12.7,182.17,14065,4.01E-06,-1.04E-06,-5.13E-06,NA,NA,NA,NA,1.21,1,0.0017102,1,254,220.4257,,0,0,0.35
12.75,180.33,14204,-1.83E-05,-1.40E-05,-1.57E-05,NA,NA,NA,NA,1.21,1,0.0017102,1,255,218.1993,,0,0,0.35
12.8,184.03,14212,8.41E-07,5.88E-06,-9.52E-06,NA,NA,NA,NA,1.21,1,0.0017102,1,256,222.6763,,0,0,0.35
12.85,179.37,14194,-6.07E-06,-4.00E-06,5.20E-06,NA,NA,NA,NA,1.21,1,0.0017102,1,257,217.0377,,0,0,0.35
12.9,184.93,14207,-1.23E-05,-1.06E-05,1.14E-05,NA,NA,NA,NA,1.21,1,0.0017102,1,258,223.7653,,0,0,0.35
12.95,182.38,13949,1.32E-05,2.47E-06,2.25E-06,NA,NA,NA,NA,1.21,1,0.0017102,1,259,220.6798,,0,0,0.35
13,178.91,14131,-2.04E-05,-1.01E-05,-8.36E-07,NA,NA,NA,NA,1.21,1,0.0017102,1,260,216.4811,,0,0,0.35
13.05,187.16,14027,-4.45E-06,-1.47E-05,5.30E-07,NA,NA,NA,NA,1.21,1,0.0017102,1,261,226.4636,,0,0,0.35
13.1,179.96,13814,4.72E-06,-3.42E-06,1.64E-07,NA,NA,NA,NA,1.21,1,0.0017102,1,262,217.7516,,0,0,0.35
13.15,182.42,14054,-8.33E-06,-8.15E-06,-2.95E-06,NA,NA,NA,NA,1.21,1,0.0017102,1,263,220.7282,,0,0,0.35
13.2,185.29,13855,-1.03E-05,-6.78E-06,-8.43E-06,NA,NA,NA,NA,1.21,1,0.0017102,1,264,224.2009,,0,0,0.35
13.25,179.52,13863,1.54E-06,-6.12E-07,7.01E-07,NA,NA,NA,NA,1.21,1,0.0017102,1,265,217.2192,,0,0,0.35
13.3,184.45,13954,-6.60E-06,-3.63E-06,-5.33E-06,NA,NA,NA,NA,1.21,1,0.0017102,1,266,223.1845,,0,0,0.35
13.35,181.52,13930,-1.39E-05,-1.94E-05,4.81E-06,NA,NA,NA,NA,1.21,1,0.0017102,1,267,219.6392,,0,0,0.35
13.4,184.35,13912,6.79E-06,-8.55E-06,-3.02E-06,NA,NA,NA,NA,1.21,1,0.0017102,1,268,223.0635,,0,0,0.35
13.45,180.46,13825,-5.62E-07,4.82E-07,-7.14E-06,NA,NA,NA,NA,1.21,1,0.0017102,1,269,218.3566,,0,0,0.35
13.5,182.06,14072,-1.65E-05,-1.81E-05,-6.70E-06,NA,NA,NA,NA,1.21,1,0.0017102,1,270,220.2926,,0,0,0.35
13.55,186.4,13874,6.54E-06,-1.21E-05,1.04E-05,NA,NA,NA,NA,1.21,1,0.0017102,1,271,225.544,,0,0,0.35
13.6,178.23,13721,-4.47E-06,1.18E-05,-3.90E-06,NA,NA,NA,NA,1.21,1,0.0017102,1,272,215.6583,,0,0,0.35
13.65,183.48,14055,-2.12E-05,-9.64E-06,6.42E-06,NA,NA,NA,NA,1.21,1,0.0017102,1,273,222.0108,,0,0,0.35
13.7,187.16,13767,1.96E-05,-1.22E-05,8.94E-07,NA,NA,NA,NA,1.21,1,0.0017102,1,274,226.4636,,0,0,0.35
13.75,176.6,13693,-2.20E-06,7.25E-06,-1.27E-05,NA,NA,NA,NA,1.21,1,0.0017102,1,275,213.686,,0,0,0.35
13.8,185.37,14051,-1.34E-05,-1.10E-05,8.49E-06,NA,NA,NA,NA,1.21,1,0.0017102,1,276,224.2977,,0,0,0.35
13.85,184.46,13772,5.14E-06,-1.60E-05,4.87E-06,NA,NA,NA,NA,1.21,1,0.0017102,1,277,223.1966,,0,0,0.35
13.9,178.16,13758,-4.60E-07,6.39E-06,-2.38E-08,NA,NA,NA,NA,1.21,1,0.0017102,1,278,215.5736,,0,0,0.35
13.95,186.18,13985,-2.47E-06,-5.12E-06,4.93E-06,NA,NA,NA,NA,1.21,1,0.0017102,1,279,225.2778,,0,0,0.35
14,182.07,13788,-6.96E-06,-2.08E-05,1.69E-06,NA,NA,NA,NA,1.21,1,0.0017102,1,280,220.3047,,0,0,0.35
14.05,180.89,13796,3.06E-06,2.43E-05,-1.12E-05,NA,NA,NA,NA,1.21,1,0.0017102,1,281,218.8769,,0,0,0.35
14.1,185.51,13915,4.44E-06,-1.27E-05,9.49E-06,NA,NA,NA,NA,1.21,1,0.0017102,1,282,224.4671,,0,0,0.35
14.15,180.95,13782,-4.46E-07,-1.20E-05,-6.57E-07,NA,NA,NA,NA,1.21,1,0.0017102,1,283,218.9495,,0,0,0.35
14.2,182.53,13866,-1.79E-05,3.14E-05,-3.03E-06,NA,NA,NA,NA,1.21,1,0.0017102,1,284,220.8613,,0,0,0.35
14.25,185.15,13845,7.70E-06,-8.85E-06,-5.72E-07,NA,NA,NA,NA,1.21,1,0.0017102,1,285,224.0315,,0,0,0.35
14.3,180.84,13798,-2.19E-06,-2.31E-05,-7.40E-06,NA,NA,NA,NA,1.21,1,0.0017102,1,286,218.8164,,0,0,0.35
14.35,183.11,13898,-1.15E-05,9.64E-06,-3.40E-06,NA,NA,NA,NA,1.21,1,0.0017102,1,287,221.5631,,0,0,0.35
14.4,183.78,13821,8.20E-06,1.66E-06,7.24E-06,NA,NA,NA,NA,1.21,1,0.0017102,1,288,222.3738,,0,0,0.35
14.45,180.87,13844,-1.66E-06,-9.96E-06,-5.29E-07,NA,NA,NA,NA,1.21,1,0.0017102,1,289,218.8527,,0,0,0.35
14.5,185.04,13841,-2.89E-06,8.80E-06,-6.97E-06,NA,NA,NA,NA,1.21,1,0.0017102,1,290,223.8984,,0,0,0.35
14.55,182.43,13781,5.31E-06,-3.01E-06,-6.84E-06,NA,NA,NA,NA,1.21,1,0.0017102,1,291,220.7403,,0,0,0.35
14.6,181.68,13826,-6.17E-06,-1.22E-05,-6.04E-06,NA,NA,NA,NA,1.21,1,0.0017102,1,292,219.8328,,0,0,0.35
14.65,187.24,13826,-4.85E-06,3.49E-05,-3.62E-07,NA,NA,NA,NA,1.21,1,0.0017102,1,293,226.5604,,0,0,0.375
14.7,180.89,13736,-3.17E-06,-1.59E-05,-3.26E-06,NA,NA,NA,NA,1.21,1,0.0017102,1,294,218.8769,,0,0,0.4
14.75,181.08,14069,-8.64E-06,-4.63E-05,7.72E-06,NA,NA,NA,NA,1.21,1,0.0017102,1,295,219.1068,,0,0,0.4
14.8,184.38,14075,-4.35E-05,0.00011622,6.83E-07,NA,NA,NA,NA,1.21,1,0.0017102,1,296,223.0998,,0,0,0.4
14.85,181.27,13866,3.04E-05,-5.45E-05,-1.81E-05,NA,NA,NA,NA,1.21,1,0.0017102,1,297,219.3367,,0,0,0.4
14.9,182.04,13942,-7.06E-05,-4.39E-05,4.75E-05,NA,NA,NA,NA,1.21,1,0.0017102,1,298,220.2684,,0,0,0.4
14.95,183.47,13775,-1.57E-05,-3.33E-05,-2.81E-06,NA,NA,NA,NA,1.21,1,0.0017102,1,299,221.9987,,0,0,0.4
15,175.99,13789,0.00025103,-0.00032826,1.04E-05,NA,NA,NA,NA,1.21,1,0.0017102,1,300,212.9479,,0,0,0.4
15.05,191.87,13655,-0.00041404,0.00017946,3.20E-05,NA,NA,NA,NA,1.21,1,0.0017102,1,301,232.1627,,0,0,0.4
15.1,176.68,13468,3.73E-05,-0.00013902,2.10E-05,NA,NA,NA,NA,1.21,1,0.0017102,1,302,213.7828,,0,0,0.4
15.15,181.11,13765,-2.84E-05,-0.00021006,1.47E-05,NA,NA,NA,NA,1.21,1,0.0017102,1,303,219.1431,,0,0,0.4
15.2,187.1,13277,-0.0007893,0.0012334,-7.41E-05,NA,NA,NA,NA,1.21,1,0.0017102,1,304,226.391,,0,0,0.4
15.25,177.24,13335,0.00019565,-0.00043664,7.39E-05,NA,NA,NA,NA,1.21,1,0.0017102,1,305,214.4604,,0,0,0.4
15.3,186.53,13355,-0.0002524,-0.00033548,-1.03E-06,NA,NA,NA,NA,1.21,1,0.0017102,1,306,225.7013,,0,0,0.4
15.35,173.07,13190,-0.00050819,0.00062686,-8.32E-05,NA,NA,NA,NA,1.21,1,0.0017102,1,307,209.4147,,0,0,0.4
15.4,192.15,13244,0.00056749,-0.0014361,2.98E-05,NA,NA,NA,NA,1.21,1,0.0017102,1,308,232.5015,,0,0,0.4
15.45,182.09,12978,-0.00063197,0.00034159,-2.39E-05,NA,NA,NA,NA,1.21,1,0.0017102,1,309,220.3289,,0,0,0.4
15.5,175.99,13367,-0.00021489,-6.85E-05,-3.61E-05,NA,NA,NA,NA,1.21,1,0.0017102,1,310,212.9479,,0,0,0.4
15.55,193.84,12985,0.0017394,-0.0017978,-1.18E-05,NA,NA,NA,NA,1.21,1,0.0017102,1,311,234.5464,,0,0,0.4
15.6,174.41,12654,-0.0010671,0.0012922,-1.22E-05,NA,NA,NA,NA,1.21,1,0.0017102,1,312,211.0361,,0,0,0.4
15.65,190,13130,-0.00099886,-0.00074989,0.00017047,NA,NA,NA,NA,1.21,1,0.0017102,1,313,229.9,,0,0,0.4
15.7,176.84,12558,0.0016704,6.95E-05,-0.00021158,NA,NA,NA,NA,1.21,1,0.0017102,1,314,213.9764,,0,0,0.4
15.75,181.43,13010,-0.0013892,0.0016375,-0.00010754,NA,NA,NA,NA,1.21,1,0.0017102,1,315,219.5303,,0,0,0.4
15.8,194.5,12795,-0.0010141,-0.0016046,0.00022883,NA,NA,NA,NA,1.21,1,0.0017102,1,316,235.345,,0,0,0.4
15.85,169.35,12670,5.34E-05,-7.92E-05,-6.73E-05,NA,NA,NA,NA,1.21,1,0.0017102,1,317,204.9135,,0,0,0.4
15.9,192.11,13308,-0.0016816,0.0017532,0.00011411,NA,NA,NA,NA,1.21,1,0.0017102,1,318,232.4531,,0,0,0.4
15.95,182.79,12523,0.0011936,-0.0010178,-7.76E-05,NA,NA,NA,NA,1.21,1,0.0017102,1,319,221.1759,,0,0,0.4
16,176.54,12987,-0.00048865,-0.00067138,0.00010664,NA,NA,NA,NA,1.21,1,0.0017102,1,320,213.6134,,0,0,0.4
16.05,189.87,12797,-0.0008206,0.0011964,-0.00012566,NA,NA,NA,NA,1.21,1,0.0017102,1,321,229.7427,,0,0,0.4
16.1,172.19,12474,0.0014243,-0.0009098,4.70E-07,NA,NA,NA,NA,1.21,1,0.0017102,1,322,208.3499,,0,0,0.4
16.15,193.85,12989,-0.00098035,-0.0018275,0.00037785,NA,NA,NA,NA,1.21,1,0.0017102,1,323,234.5585,,0,0,0.4
16.2,174.35,12338,-0.00013744,0.00047918,-0.00025323,NA,NA,NA,NA,1.21,1,0.0017102,1,324,210.9635,,0,0,0.4
16.25,179.16,13159,0.00097615,-0.0018667,1.95E-05,NA,NA,NA,NA,1.21,1,0.0017102,1,325,216.7836,,0,0,0.4
16.3,198.39,12475,-0.0012392,-0.00086204,0.00029056,NA,NA,NA,NA,1.21,1,0.0017102,1,326,240.0519,,0,0,0.4
16.35,168.74,12303,2.40E-05,6.90E-06,-0.00012453,NA,NA,NA,NA,1.21,1,0.0017102,1,327,204.1754,,0,0,0.4
16.4,187.92,13169,0.0010437,-0.0021394,0.00018397,NA,NA,NA,NA,1.21,1,0.0017102,1,328,227.3832,,0,0,0.4
16.45,187.92,12285,-0.0013088,0.0021936,-0.00015838,NA,NA,NA,NA,1.21,1,0.0017102,1,329,227.3832,,0,0,0.4
16.5,178.89,12563,-6.31E-06,-0.00064935,-5.23E-05,NA,NA,NA,NA,1.21,1,0.0017102,1,330,216.4569,,0,0,0.4
16.55,182.35,12734,0.00039722,-0.001185,-3.98E-05,NA,NA,NA,NA,1.21,1,0.0017102,1,331,220.6435,,0,0,0.4
16.6,183.28,12424,-0.0016897,0.0037393,-8.07E-06,NA,NA,NA,NA,1.21,1,0.0017102,1,332,221.7688,,0,0,0.4
16.65,188.83,12380,0.000526,-0.0026278,0.0001252,NA,NA,NA,NA,1.21,1,0.0017102,1,333,228.4843,,0,0,0.4
16.7,176.94,12602,-0.00014632,-0.00061878,-2.69E-06,NA,NA,NA,NA,1.21,1,0.0017102,1,334,214.0974,,0,0,0.4
16.75,188.84,12558,-0.0019139,0.0032316,-8.28E-05,NA,NA,NA,NA,1.21,1,0.0017102,1,335,228.4964,,0,0,0.425
16.8,179.18,12094,0.0023382,-0.0032801,0.00015024,NA,NA,NA,NA,1.21,1,0.0017102,1,336,216.8078,,0,0,0.45
16.85,191.77,12549,-0.00079131,-0.002033,0.00044897,NA,NA,NA,NA,1.21,1,0.0017102,1,337,232.0417,,0,0,0.45
16.9,181.33,11711,-0.001939,0.0026399,-0.00036864,NA,NA,NA,NA,1.21,1,0.0017102,1,338,219.4093,,0,0,0.45
16.95,177.26,11991,0.0048218,-0.010167,0.00037532,NA,NA,NA,NA,1.21,1,0.0017102,1,339,214.4846,,0,0,0.45
17,197.71,10749,-0.0045262,-0.003504,0.00088213,NA,NA,NA,NA,1.21,1,0.0017102,1,340,239.2291,,0,0,0.45
17.05,165.68,10707,-0.002178,0.0032503,-0.00031474,NA,NA,NA,NA,1.21,1,0.0017102,1,341,200.4728,,0,0,0.45
17.1,195.99,11793,0.0041383,-0.013055,0.00065498,NA,NA,NA,NA,1.21,1,0.0017102,1,342,237.1479,,0,0,0.45
17.15,180.81,9742.9,-0.0056647,0.0036107,-0.0003636,NA,NA,NA,NA,1.21,1,0.0017102,1,343,218.7801,,0,0,0.45
17.2,182.85,10715,-0.0055326,0.0045209,0.00012399,NA,NA,NA,NA,1.21,1,0.0017102,1,344,221.2485,,0,0,0.45
17.25,190.65,10664,0.0057833,-0.01617,-3.39E-05,NA,NA,NA,NA,1.21,1,0.0017102,1,345,230.6865,,0,0,0.45
17.3,172.6,9714.9,-0.0067406,0.010999,-0.0010911,NA,NA,NA,NA,1.21,1,0.0017102,1,346,208.846,,0,0,0.45
17.35,198.22,10711,-0.0058204,0.00088081,0.00067744,NA,NA,NA,NA,1.21,1,0.0017102,1,347,239.8462,,0,0,0.45
17.4,181.93,9831.3,0.0060294,-0.012719,-0.00015378,NA,NA,NA,NA,1.21,1,0.0017102,1,348,220.1353,,0,0,0.45
17.45,170.64,11044,-0.0072121,0.010459,-0.00048694,NA,NA,NA,NA,1.21,1,0.0017102,1,349,206.4744,,0,0,0.45
17.5,202.76,10198,-0.0048123,-0.0046818,0.00059655,NA,NA,NA,NA,1.21,1,0.0017102,1,350,245.3396,,0,0,0.45
17.55,173.42,9563.7,0.0033479,-0.0062989,-0.00024578,NA,NA,NA,NA,1.21,1,0.0017102,1,351,209.8382,,0,0,0.45
17.6,181.05,11567,-0.0080504,0.0098162,0.00029787,NA,NA,NA,NA,1.21,1,0.0017102,1,352,219.0705,,0,0,0.45
17.65,194.32,9726.3,0.0011931,-0.012357,-0.00027615,NA,NA,NA,NA,1.21,1,0.0017102,1,353,235.1272,,0,0,0.45
17.7,175.97,9797.7,0.00029817,-0.003167,-0.00020826,NA,NA,NA,NA,1.21,1,0.0017102,1,354,212.9237,,0,0,0.45
17.75,189.98,11211,-0.010335,0.010776,0.00046072,NA,NA,NA,NA,1.21,1,0.0017102,1,355,229.8758,,0,0,0.45
17.8,172.85,9782.6,0.0078321,-0.016249,-0.00057446,NA,NA,NA,NA,1.21,1,0.0017102,1,356,209.1485,,0,0,0.45
17.85,184.5,10415,-0.002997,-0.0027495,-0.00032294,NA,NA,NA,NA,1.21,1,0.0017102,1,357,223.245,,0,0,0.45
17.9,194.21,10487,-0.0090572,0.0080909,0.00038877,NA,NA,NA,NA,1.21,1,0.0017102,1,358,234.9941,,0,0,0.45
17.95,165.97,10142,0.0096075,-0.016067,-0.00021066,NA,NA,NA,NA,1.21,1,0.0017102,1,359,200.8237,,0,0,0.45
18,192.78,10884,-0.0068679,0.00074452,-0.00055937,NA,NA,NA,NA,1.21,1,0.0017102,1,360,233.2638,,0,0,0.45
18.05,191.67,10100,-0.0042189,0.0014013,0.00022184,NA,NA,NA,NA,1.21,1,0.0017102,1,361,231.9207,,0,0,0.45
18.1,172.86,10374,0.0067067,-0.013655,7.14E-05,NA,NA,NA,NA,1.21,1,0.0017102,1,362,209.1606,,0,0,0.45
18.15,188.78,10867,-0.0098421,0.0070014,-0.00068878,NA,NA,NA,NA,1.21,1,0.0017102,1,363,228.4238,,0,0,0.45
18.2,189.44,9900.3,-0.00087654,-0.0038034,0.00013164,NA,NA,NA,NA,1.21,1,0.0017102,1,364,229.2224,,0,0,0.45
18.25,182.54,10171,0.0039209,-0.010078,0.00014974,NA,NA,NA,NA,1.21,1,0.0017102,1,365,220.8734,,0,0,0.45
18.3,179.4,10803,-0.0096989,0.01148,-0.00023034,NA,NA,NA,NA,1.21,1,0.0017102,1,366,217.074,,0,0,0.45
18.35,190.8,9749.8,0.0015155,-0.0095945,-0.00022064,NA,NA,NA,NA,1.21,1,0.0017102,1,367,230.868,,0,0,0.45
18.4,187.73,9883.3,0.000427,-0.0062878,5.00E-05,NA,NA,NA,NA,1.21,1,0.0017102,1,368,227.1533,,0,0,0.45
18.45,176.51,10698,-0.00851,0.011352,8.13E-05,NA,NA,NA,NA,1.21,1,0.0017102,1,369,213.5771,,0,0,0.45
18.5,188.75,10108,0.0055561,-0.016719,-0.00053023,NA,NA,NA,NA,1.21,1,0.0017102,1,370,228.3875,,0,0,0.45
18.55,183.36,9626.9,-0.0025683,-0.0032177,-2.50E-05,NA,NA,NA,NA,1.21,1,0.0017102,1,371,221.8656,,0,0,0.45
18.6,184.21,10616,-0.0090162,0.010705,0.00046433,NA,NA,NA,NA,1.21,1,0.0017102,1,372,222.8941,,0,0,0.45
18.65,179.46,10151,0.0079569,-0.019255,-0.00020401,NA,NA,NA,NA,1.21,1,0.0017102,1,373,217.1466,,0,0,0.45
18.7,185.45,9683.4,-0.0054018,0.0010116,-0.00045567,NA,NA,NA,NA,1.21,1,0.0017102,1,374,224.3945,,0,0,0.45
18.75,192.78,10600,-0.0076142,0.006232,3.51E-05,NA,NA,NA,NA,1.21,1,0.0017102,1,375,233.2638,,0,0,0.45
18.8,176,10242,0.008083,-0.017551,9.22E-05,NA,NA,NA,NA,1.21,1,0.0017102,1,376,212.96,,0,0,0.45
18.85,187.81,10228,-0.0085554,0.006632,-0.0013036,NA,NA,NA,NA,1.21,1,0.0017102,1,377,227.2501,,0,0,0.475
18.9,195.38,9902.8,-0.0055819,0.0020787,0.00091575,NA,NA,NA,NA,1.21,1,0.0017102,1,378,236.4098,,0,0,0.5
18.95,178.16,9840.9,0.0095182,-0.01901,0.00027099,NA,NA,NA,NA,1.21,1,0.0017102,1,379,215.5736,,0,0,0.5
19,183.63,10777,-0.013624,0.0084702,-0.000725,NA,NA,NA,NA,1.21,1,0.0017102,1,380,222.1923,,0,0,0.5
19.05,189.65,9130.1,-0.0070475,-0.0044571,-9.82E-05,NA,NA,NA,NA,1.21,1,0.0017102,1,381,229.4765,,0,0,0.5
19.1,193.79,8875,0.0047478,-0.014957,-0.00012699,NA,NA,NA,NA,1.21,1,0.0017102,1,382,234.4859,,0,0,0.5
19.15,167.02,10390,-0.011676,0.014725,0.00036358,NA,NA,NA,NA,1.21,1,0.0017102,1,383,202.0942,,0,0,0.5
19.2,206.09,10028,-0.00018642,-0.018022,0.00029244,NA,NA,NA,NA,1.21,1,0.0017102,1,384,249.3689,,0,0,0.5
19.25,180.74,8149.3,-0.0058541,0.0017663,-0.0010854,NA,NA,NA,NA,1.21,1,0.0017102,1,385,218.6954,,0,0,0.5
19.3,166.64,10524,-0.0088989,0.012657,0.0004319,NA,NA,NA,NA,1.21,1,0.0017102,1,386,201.6344,,0,0,0.5
19.35,224.17,9257.2,0.00044718,-0.024423,0.00042399,NA,NA,NA,NA,1.21,1,0.0017102,1,387,271.2457,,0,0,0.5
19.4,149.69,8342.8,-0.003456,0.0085932,-0.0021526,NA,NA,NA,NA,1.21,1,0.0017102,1,388,181.1249,,0,0,0.5
19.45,213.26,12064,-0.011132,0.010647,0.00078024,NA,NA,NA,NA,1.21,1,0.0017102,1,389,258.0446,,0,0,0.5
19.5,186.66,8286.8,-0.0010622,-0.0050013,-0.00201,NA,NA,NA,NA,1.21,1,0.0017102,1,390,225.8586,,0,0,0.5
19.55,129.49,11877,0.00070779,0.00084349,-0.00067966,NA,NA,NA,NA,1.21,1,0.0017102,1,391,156.6829,,0,0,0.5
19.6,275.04,10886,-0.01584,-0.0069293,0.0045872,NA,NA,NA,NA,1.21,1,0.0017102,1,392,332.7984,,0,0,0.5
19.65,138.94,8321.8,0.000939,6.18E-05,-0.00051274,NA,NA,NA,NA,1.21,1,0.0017102,1,393,168.1174,,0,0,0.5
19.7,133.94,12819,0.0024617,-0.00015112,0.00028324,NA,NA,NA,NA,1.21,1,0.0017102,1,394,162.0674,,0,0,0.5
19.75,249.56,9436.6,-0.0088786,-0.029467,0.0015775,NA,NA,NA,NA,1.21,1,0.0017102,1,395,301.9676,,0,0,0.5
19.8,139.25,7912.5,1.39E-05,0.0032916,-0.00051106,NA,NA,NA,NA,1.21,1,0.0017102,1,396,168.4925,,0,0,0.5
19.85,159.21,12574,-0.0027048,0.0061373,0.0010408,NA,NA,NA,NA,1.21,1,0.0017102,1,397,192.6441,,0,0,0.5
19.9,234.98,8442.1,-0.012996,0.002323,-0.0024673,NA,NA,NA,NA,1.21,1,0.0017102,1,398,284.3258,,0,0,0.5
19.95,128.26,9235.1,0.00064095,-0.00050238,-0.0031568,NA,NA,NA,NA,1.21,1,0.0017102,1,399,155.1946,,0,0,0.5
20,205.95,12575,-0.0025304,-0.016314,0.0017244,NA,NA,NA,NA,1.21,1,0.0017102,1,400,249.1995,,0,0,0.5
20.05,194.62,7926.8,0.0037271,-0.0080847,-0.0024167,NA,NA,NA,NA,1.21,1,0.0017102,1,401,235.4902,,0,0,0.5
20.1,128.57,11400,0.00093317,0.0005764,-0.00086991,NA,NA,NA,NA,1.21,1,0.0017102,1,402,155.5697,,0,0,0.5
20.15,228.84,11826,-0.021102,-0.0033613,0.004221,NA,NA,NA,NA,1.21,1,0.0017102,1,403,276.8964,,0,0,0.5
20.2,168.69,7695.7,0.001832,0.00448,-0.0015339,NA,NA,NA,NA,1.21,1,0.0017102,1,404,204.1149,,0,0,0.5
20.25,137.48,12059,0.0012911,-0.00047653,-0.00018713,NA,NA,NA,NA,1.21,1,0.0017102,1,405,166.3508,,0,0,0.5
20.3,254.35,9932.5,-0.012128,-0.031069,0.0025907,NA,NA,NA,NA,1.21,1,0.0017102,1,406,307.7635,,0,0,0.5
20.35,141.46,7672.7,0.0022265,0.0016255,-0.00067484,NA,NA,NA,NA,1.21,1,0.0017102,1,407,171.1666,,0,0,0.5
20.4,143.51,12618,0.0017527,0.00099976,0.00026929,NA,NA,NA,NA,1.21,1,0.0017102,1,408,173.6471,,0,0,0.5
20.45,259.19,9038.8,-0.021581,-0.010007,0.00021033,NA,NA,NA,NA,1.21,1,0.0017102,1,409,313.6199,,0,0,0.5
20.5,138.15,7909.2,7.20E-05,0.0015257,-0.0012879,NA,NA,NA,NA,1.21,1,0.0017102,1,410,167.1615,,0,0,0.5
20.55,167.16,12588,-0.002468,0.0018624,0.00066447,NA,NA,NA,NA,1.21,1,0.0017102,1,411,202.2636,,0,0,0.5
20.6,234.37,8397.9,-0.020119,-0.0078703,-0.0019131,NA,NA,NA,NA,1.21,1,0.0017102,1,412,283.5877,,0,0,0.5
20.65,135.36,8790.4,0.0020753,-0.0016512,-0.0034788,NA,NA,NA,NA,1.21,1,0.0017102,1,413,163.7856,,0,0,0.5
20.7,196.63,12467,0.0019861,-0.01338,0.0021783,NA,NA,NA,NA,1.21,1,0.0017102,1,414,237.9223,,0,0,0.5
20.75,212.49,7932.5,0.00051873,-0.013121,-0.0020009,NA,NA,NA,NA,1.21,1,0.0017102,1,415,257.1129,,0,0,0.5
20.8,131.98,10726,0.00042179,0.00089991,-0.0015495,NA,NA,NA,NA,1.21,1,0.0017102,1,416,159.6958,,0,0,0.5
20.85,226.19,11676,-0.02084,-0.0042579,0.0040866,NA,NA,NA,NA,1.21,1,0.0017102,1,417,273.6899,,0,0,0.5
20.9,171.4,7726.1,0.0005816,-0.00030109,-0.0016029,NA,NA,NA,NA,1.21,1,0.0017102,1,418,207.394,,0,0,0.5
20.95,135.37,11961,0.0012203,-0.00010313,-0.00030228,NA,NA,NA,NA,1.21,1,0.0017102,1,419,163.7977,,0,0,0.525
21,257.8,9945,-0.011455,-0.036783,0.0068008,NA,NA,NA,NA,1.21,1,0.0017102,1,420,311.938,,0,0,0.55
21.05,154.61,6702.7,0.0038587,0.00061783,-0.0012714,NA,NA,NA,NA,1.21,1,0.0017102,1,421,187.0781,,0,0,0.55
21.1,115.52,12134,0.0029481,0.0036303,0.00036198,NA,NA,NA,NA,1.21,1,0.0017102,1,422,139.7792,,0,0,0.55
21.15,271.61,9408.3,-0.02736,0.012256,0.0066707,NA,NA,NA,NA,1.21,1,0.0017102,1,423,328.6481,,0,0,0.55
21.2,142.78,6861.4,0.00073991,-0.0014242,-0.00088967,NA,NA,NA,NA,1.21,1,0.0017102,1,424,172.7638,,0,0,0.55
21.25,124.36,12224,0.00088329,-0.0028435,0.0010176,NA,NA,NA,NA,1.21,1,0.0017102,1,425,150.4756,,0,0,0.55
21.3,270.13,8383.2,-0.015881,-0.051981,-0.00042283,NA,NA,NA,NA,1.21,1,0.0017102,1,426,326.8573,,0,0,0.55
21.35,133.05,7491.8,0.0023493,0.00019423,-0.0054408,NA,NA,NA,NA,1.21,1,0.0017102,1,427,160.9905,,0,0,0.55
21.4,157.13,12315,0.0024587,0.0087206,0.0016665,NA,NA,NA,NA,1.21,1,0.0017102,1,428,190.1273,,0,0,0.55
21.45,253.93,7360.3,-0.024276,0.031401,-0.0039406,NA,NA,NA,NA,1.21,1,0.0017102,1,429,307.2553,,0,0,0.55
21.5,128.67,8383.8,-0.00044504,0.0012094,-0.008059,NA,NA,NA,NA,1.21,1,0.0017102,1,430,155.6907,,0,0,0.55
21.55,175.27,11846,0.0034065,-0.015722,0.0022271,NA,NA,NA,NA,1.21,1,0.0017102,1,431,212.0767,,0,0,0.55
21.6,210.6,6985,0.0038787,-0.03656,-0.0044125,NA,NA,NA,NA,1.21,1,0.0017102,1,432,254.826,,0,0,0.55
21.65,112.2,10321,0.0011869,-0.00045094,-0.001367,NA,NA,NA,NA,1.21,1,0.0017102,1,433,135.762,,0,0,0.55
21.7,237.3,11717,-0.017883,0.020008,0.0051005,NA,NA,NA,NA,1.21,1,0.0017102,1,434,287.133,,0,0,0.55
21.75,171.89,6449.5,-0.0090947,0.024541,-0.002216,NA,NA,NA,NA,1.21,1,0.0017102,1,435,207.9869,,0,0,0.55
21.8,123.38,11445,0.0021539,6.70E-05,0.00030865,NA,NA,NA,NA,1.21,1,0.0017102,1,436,149.2898,,0,0,0.55
21.85,270.75,9842.7,0.0016353,-0.059402,0.0049437,NA,NA,NA,NA,1.21,1,0.0017102,1,437,327.6075,,0,0,0.55
21.9,138.14,7083.1,0.0017445,-1.14E-05,-0.0034964,NA,NA,NA,NA,1.21,1,0.0017102,1,438,167.1494,,0,0,0.55
21.95,141.32,12112,-0.0015157,0.013352,0.0015535,NA,NA,NA,NA,1.21,1,0.0017102,1,439,170.9972,,0,0,0.55
22,226.11,6990.7,-0.01975,0.061054,-0.0039878,NA,NA,NA,NA,1.21,1,0.0017102,1,440,273.5931,,0,0,0.55
22.05,124.41,9811.6,0.001461,0.0080711,-0.0027708,NA,NA,NA,NA,1.21,1,0.0017102,1,441,150.5361,,0,0,0.55
22.1,245.91,11511,0.0074617,-0.031556,0.0020188,NA,NA,NA,NA,1.21,1,0.0017102,1,442,297.5511,,0,0,0.55
22.15,165.11,6612.1,0.0065124,-0.023897,-0.0016665,NA,NA,NA,NA,1.21,1,0.0017102,1,443,199.7831,,0,0,0.55
22.2,109.17,12006,0.003572,-0.00045876,4.47E-05,NA,NA,NA,NA,1.21,1,0.0017102,1,444,132.0957,,0,0,0.55
22.25,236.65,8143,-0.035962,0.043666,0.0018085,NA,NA,NA,NA,1.21,1,0.0017102,1,445,286.3465,,0,0,0.55
22.3,150.81,7558.5,0.0021494,0.019063,-0.0060112,NA,NA,NA,NA,1.21,1,0.0017102,1,446,182.4801,,0,0,0.55
22.35,205.68,11715,0.001812,0.0016336,0.0021129,NA,NA,NA,NA,1.21,1,0.0017102,1,447,248.8728,,0,0,0.55
22.4,191.26,7327.7,0.0069152,-0.047448,-0.0014436,NA,NA,NA,NA,1.21,1,0.0017102,1,448,231.4246,,0,0,0.55
22.45,121.6,11081,0.0062438,-0.008245,-0.00035587,NA,NA,NA,NA,1.21,1,0.0017102,1,449,147.136,,0,0,0.55
22.5,249.89,9238.4,-0.0252,0.00077903,0.0041957,NA,NA,NA,NA,1.21,1,0.0017102,1,450,302.3669,,0,0,0.55
22.55,154.74,7444.4,-0.0031812,0.015072,-0.0015262,NA,NA,NA,NA,1.21,1,0.0017102,1,451,187.2354,,0,0,0.55
22.6,168.42,11622,-0.0056003,0.019491,0.0022456,NA,NA,NA,NA,1.21,1,0.0017102,1,452,203.7882,,0,0,0.55
22.65,223.5,7568.9,-0.0041934,-0.02293,-0.002593,NA,NA,NA,NA,1.21,1,0.0017102,1,453,270.435,,0,0,0.55
22.7,123.46,9566.8,0.0037017,-0.012399,-0.0040071,NA,NA,NA,NA,1.21,1,0.0017102,1,454,149.3866,,0,0,0.55
22.75,243.76,11055,-0.0072788,-0.031291,0.0040433,NA,NA,NA,NA,1.21,1,0.0017102,1,455,294.9496,,0,0,0.55
22.8,163.95,7038.5,-0.0040455,0.0062443,-0.0016037,NA,NA,NA,NA,1.21,1,0.0017102,1,456,198.3795,,0,0,0.55
22.85,131.46,11580,-0.0030949,0.011168,0.00030212,NA,NA,NA,NA,1.21,1,0.0017102,1,457,159.0666,,0,0,0.55
22.9,256.33,8568.6,-0.031348,0.015926,0.0009803,NA,NA,NA,NA,1.21,1,0.0017102,1,458,310.1593,,0,0,0.55
22.95,145.04,7218.4,0.0031176,-0.011051,-0.0024904,NA,NA,NA,NA,1.21,1,0.0017102,1,459,175.4984,,0,0,0.55
23,174.94,11754,0.0059391,-0.019649,0.0016352,NA,NA,NA,NA,1.21,1,0.0017102,1,460,211.6774,,0,0,0.55
23.05,228.15,7088,0.005558,-0.028281,-0.0031552,NA,NA,NA,NA,1.21,1,0.0017102,1,461,276.0615,,0,0,0.575
23.1,118.68,9565,0.00065696,-0.00049268,-0.0027153,NA,NA,NA,NA,1.21,1,0.0017102,1,462,143.6028,,0,0,0.6
23.15,221.95,11531,-0.0242,0.013315,0.0010333,NA,NA,NA,NA,1.21,1,0.0017102,1,463,268.5595,,0,0,0.6
23.2,196.94,6174,-0.023593,0.0060527,-0.0033898,NA,NA,NA,NA,1.21,1,0.0017102,1,464,238.2974,,0,0,0.6
23.25,111.76,10401,-0.00017511,-0.00065426,-0.0012197,NA,NA,NA,NA,1.21,1,0.0017102,1,465,135.2296,,0,0,0.6
23.3,261.51,10774,0.015918,-0.050891,0.0055012,NA,NA,NA,NA,1.21,1,0.0017102,1,466,316.4271,,0,0,0.6
23.35,169.55,5760.5,0.01412,-0.016043,-0.0024046,NA,NA,NA,NA,1.21,1,0.0017102,1,467,205.1555,,0,0,0.6
23.4,107.92,11425,-5.90E-05,0.0045428,-0.00055891,NA,NA,NA,NA,1.21,1,0.0017102,1,468,130.5832,,0,0,0.6
23.45,288.61,9837.5,-0.052683,0.033058,0.0091576,NA,NA,NA,NA,1.21,1,0.0017102,1,469,349.2181,,0,0,0.6
23.5,152.18,5952.5,-0.0067252,0.011242,-0.0023651,NA,NA,NA,NA,1.21,1,0.0017102,1,470,184.1378,,0,0,0.6
23.55,117.97,11696,0.0082062,-0.0066794,0.0018216,NA,NA,NA,NA,1.21,1,0.0017102,1,471,142.7437,,0,0,0.6
23.6,291.28,7739.9,0.04586,-0.072536,0.0034215,NA,NA,NA,NA,1.21,1,0.0017102,1,472,352.4488,,0,0,0.6
23.65,107.05,7530.6,0.008061,-0.0053637,-0.0087604,NA,NA,NA,NA,1.21,1,0.0017102,1,473,129.5305,,0,0,0.6
23.7,168.09,11491,-0.016549,0.024968,0.0018111,NA,NA,NA,NA,1.21,1,0.0017102,1,474,203.3889,,0,0,0.6
23.75,216.5,5773.2,-0.052675,0.072652,-0.0055394,NA,NA,NA,NA,1.21,1,0.0017102,1,475,261.965,,0,0,0.6
23.8,109.48,9836.2,-0.0048612,0.0084242,-0.0016218,NA,NA,NA,NA,1.21,1,0.0017102,1,476,132.4708,,0,0,0.6
23.85,255.38,9692.3,0.0044591,-0.062632,0.0083559,NA,NA,NA,NA,1.21,1,0.0017102,1,477,309.0098,,0,0,0.6
23.9,169.49,6534.3,0.030672,-0.033795,-0.0058244,NA,NA,NA,NA,1.21,1,0.0017102,1,478,205.0829,,0,0,0.6
23.95,149.56,11400,0.01644,-0.0092344,0.0025963,NA,NA,NA,NA,1.21,1,0.0017102,1,479,180.9676,,0,0,0.6
24,239.66,7314.8,-0.061006,0.076293,0.00039625,NA,NA,NA,NA,1.21,1,0.0017102,1,480,289.9886,,0,0,0.6
24.05,137.84,7893.6,-0.015716,0.024704,-0.010156,NA,NA,NA,NA,1.21,1,0.0017102,1,481,166.7864,,0,0,0.6
24.1,197.7,10901,-0.0010508,-0.009597,0.0032902,NA,NA,NA,NA,1.21,1,0.0017102,1,482,239.217,,0,0,0.6
24.15,199.98,6461.7,0.023081,-0.071673,-0.0015118,NA,NA,NA,NA,1.21,1,0.0017102,1,483,241.9758,,0,0,0.6
24.2,124.8,10609,0.011781,-0.013527,-0.00055414,NA,NA,NA,NA,1.21,1,0.0017102,1,484,151.008,,0,0,0.6
24.25,236.11,8757.1,-0.034476,0.013772,0.0027567,NA,NA,NA,NA,1.21,1,0.0017102,1,485,285.6931,,0,0,0.6
24.3,177.21,6835.4,-0.019338,0.039223,-0.0016816,NA,NA,NA,NA,1.21,1,0.0017102,1,486,214.4241,,0,0,0.6
24.35,153.33,11384,-0.007797,0.017953,0.0016415,NA,NA,NA,NA,1.21,1,0.0017102,1,487,185.5293,,0,0,0.6
24.4,233.17,7289.6,0.01716,-0.055994,-0.0020018,NA,NA,NA,NA,1.21,1,0.0017102,1,488,282.1357,,0,0,0.6
24.45,130.82,9139.2,0.007867,-0.021235,-0.0067214,NA,NA,NA,NA,1.21,1,0.0017102,1,489,158.2922,,0,0,0.6
24.5,229.61,10857,-0.011436,-0.023677,0.0044926,NA,NA,NA,NA,1.21,1,0.0017102,1,490,277.8281,,0,0,0.6
24.55,171.64,6810.5,-0.02661,0.021779,-0.0014578,NA,NA,NA,NA,1.21,1,0.0017102,1,491,207.6844,,0,0,0.6
24.6,145.74,11145,-0.0062136,0.022381,0.00077198,NA,NA,NA,NA,1.21,1,0.0017102,1,492,176.3454,,0,0,0.6
24.65,252.01,7614.7,-0.0014315,-0.0004439,-0.00092325,NA,NA,NA,NA,1.21,1,0.0017102,1,493,304.9321,,0,0,0.6
24.7,137.95,7955.6,0.0083862,-0.017002,-0.0051787,NA,NA,NA,NA,1.21,1,0.0017102,1,494,166.9195,,0,0,0.6
24.75,205.15,11133,0.0090665,-0.035516,0.0029352,NA,NA,NA,NA,1.21,1,0.0017102,1,495,248.2315,,0,0,0.6
24.8,193.76,6362.7,-0.018521,-0.006937,-0.0028005,NA,NA,NA,NA,1.21,1,0.0017102,1,496,234.4496,,0,0,0.6
24.85,111.71,10487,-0.0048784,0.0091719,-0.0010848,NA,NA,NA,NA,1.21,1,0.0017102,1,497,135.1691,,0,0,0.6
24.9,271.82,8941.4,-0.036461,0.014732,0.0062294,NA,NA,NA,NA,1.21,1,0.0017102,1,498,328.9022,,0,0,0.6
24.95,150.46,6927.2,0.0054935,-0.0090454,-0.0024735,NA,NA,NA,NA,1.21,1,0.0017102,1,499,182.0566,,0,0,0.6
25,164.83,11155,0.020664,-0.016471,0.0031825,NA,NA,NA,NA,1.21,1,0.0017102,1,500,199.4443,,0,0,0.6
25.05,234.65,6935.8,0.0058099,-0.044814,-0.0022685,NA,NA,NA,NA,1.21,1,0.0017102,1,501,283.9265,,0,0,0.6
25.1,107.81,9012.1,-0.0073625,-0.0017417,-0.0046063,NA,NA,NA,NA,1.21,1,0.0017102,1,502,130.4501,,0,0,0.6
25.15,286.1,10062,-0.036727,0.0068865,0.0072624,NA,NA,NA,NA,1.21,1,0.0017102,1,503,346.181,,0,0,0.625
25.2,158.16,6278.1,-0.0085033,0.0025674,-0.0016402,NA,NA,NA,NA,1.21,1,0.0017102,1,504,191.3736,,0,0,0.65
25.25,106.56,11278,0.0018328,0.0041235,0.0023143,NA,NA,NA,NA,1.21,1,0.0017102,1,505,128.9376,,0,0,0.65
25.3,306.57,8428.7,0.00069492,-0.050005,0.0141,NA,NA,NA,NA,1.21,1,0.0017102,1,506,370.9497,,0,0,0.65
25.35,131.01,5982.3,0.0030009,-0.0045793,-0.0016397,NA,NA,NA,NA,1.21,1,0.0017102,1,507,158.5221,,0,0,0.65
25.4,105.24,11234,0.00901,0.01146,0.0035951,NA,NA,NA,NA,1.21,1,0.0017102,1,508,127.3404,,0,0,0.65
25.45,296.7,7282.2,-0.033651,0.045564,0.0034081,NA,NA,NA,NA,1.21,1,0.0017102,1,509,359.007,,0,0,0.65
25.5,119.17,6925.9,-0.004421,0.016094,-0.0036733,NA,NA,NA,NA,1.21,1,0.0017102,1,510,144.1957,,0,0,0.65
25.55,142.36,10947,0.0079926,0.0010081,0.004257,NA,NA,NA,NA,1.21,1,0.0017102,1,511,172.2556,,0,0,0.65
25.6,239.61,5999.7,0.0096429,-0.073235,-0.010011,NA,NA,NA,NA,1.21,1,0.0017102,1,512,289.9281,,0,0,0.65
25.65,100.99,8642,0.004209,-0.0071593,-0.0033424,NA,NA,NA,NA,1.21,1,0.0017102,1,513,122.1979,,0,0,0.65
25.7,201.77,10995,-0.00013529,0.013714,0.0036801,NA,NA,NA,NA,1.21,1,0.0017102,1,514,244.1417,,0,0,0.65
25.75,203.41,6369.2,-0.043037,0.061818,-0.0026989,NA,NA,NA,NA,1.21,1,0.0017102,1,515,246.1261,,0,0,0.65
25.8,118.4,9639.3,0.00033488,0.025399,-0.0017274,NA,NA,NA,NA,1.21,1,0.0017102,1,516,143.264,,0,0,0.65
25.85,271.44,8462.4,0.012525,-0.019885,0.0071584,NA,NA,NA,NA,1.21,1,0.0017102,1,517,328.4424,,0,0,0.65
25.9,172.99,6253.3,0.016774,-0.043873,-0.001945,NA,NA,NA,NA,1.21,1,0.0017102,1,518,209.3179,,0,0,0.65
25.95,128.85,11188,0.0064244,-0.018495,0.0020092,NA,NA,NA,NA,1.21,1,0.0017102,1,519,155.9085,,0,0,0.65
26,222.07,6470.7,-0.077526,0.013123,-0.0049023,NA,NA,NA,NA,1.21,1,0.0017102,1,520,268.7047,,0,0,0.65
26.05,151.86,8169.7,-0.024532,0.035889,-0.0067055,NA,NA,NA,NA,1.21,1,0.0017102,1,521,183.7506,,0,0,0.65
26.1,227.6,8185.6,-0.012607,0.027369,0.0024665,NA,NA,NA,NA,1.21,1,0.0017102,1,522,275.396,,0,0,0.65
26.15,174.19,6819.2,0.026741,-0.032046,-0.0028527,NA,NA,NA,NA,1.21,1,0.0017102,1,523,210.7699,,0,0,0.65
26.2,158.8,10702,0.027405,-0.034419,0.0025947,NA,NA,NA,NA,1.21,1,0.0017102,1,524,192.148,,0,0,0.65
26.25,228.56,6212.5,-0.039584,-0.0067514,-0.0058397,NA,NA,NA,NA,1.21,1,0.0017102,1,525,276.5576,,0,0,0.65
26.3,115.23,8592,-0.014108,0.010173,-0.0045744,NA,NA,NA,NA,1.21,1,0.0017102,1,526,139.4283,,0,0,0.65
26.35,243.92,10271,-0.03359,0.029665,0.0044172,NA,NA,NA,NA,1.21,1,0.0017102,1,527,295.1432,,0,0,0.65
26.4,164.79,6245,0.0064466,-0.027468,-0.0020089,NA,NA,NA,NA,1.21,1,0.0017102,1,528,199.3959,,0,0,0.65
26.45,145.53,10531,0.024968,-0.011673,0.0019663,NA,NA,NA,NA,1.21,1,0.0017102,1,529,176.0913,,0,0,0.65
26.5,270.39,6864.2,0.0074835,-0.042897,-0.00056771,NA,NA,NA,NA,1.21,1,0.0017102,1,530,327.1719,,0,0,0.65
26.55,104.48,7797.2,-0.015308,-0.0030111,-0.0072198,NA,NA,NA,NA,1.21,1,0.0017102,1,531,126.4208,,0,0,0.65
26.6,257.72,10562,-0.044938,0.012509,0.0042759,NA,NA,NA,NA,1.21,1,0.0017102,1,532,311.8412,,0,0,0.65
26.65,171.39,5788.7,-0.024828,0.00099678,-0.0028257,NA,NA,NA,NA,1.21,1,0.0017102,1,533,207.3819,,0,0,0.65
26.7,106.09,10489,0.0032448,0.0021742,-0.0011139,NA,NA,NA,NA,1.21,1,0.0017102,1,534,128.3689,,0,0,0.65
26.75,290.22,10529,0.036351,-0.02498,0.0062654,NA,NA,NA,NA,1.21,1,0.0017102,1,535,351.1662,,0,0,0.65
26.8,160.12,5621.6,0.013226,-0.0124,-0.0024439,NA,NA,NA,NA,1.21,1,0.0017102,1,536,193.7452,,0,0,0.65
26.85,97.992,11162,-0.0029239,0.0037152,0.0010741,NA,NA,NA,NA,1.21,1,0.0017102,1,537,118.57032,,0,0,0.65
26.9,291.82,8941.2,-0.074708,0.0025068,0.0076673,NA,NA,NA,NA,1.21,1,0.0017102,1,538,353.1022,,0,0,0.65
26.95,146.22,5740.7,-0.015503,0.015102,-0.004967,NA,NA,NA,NA,1.21,1,0.0017102,1,539,176.9262,,0,0,0.65
27,125.04,11463,0.0045692,0.0082104,0.0032196,NA,NA,NA,NA,1.21,1,0.0017102,1,540,151.2984,,0,0,0.65
27.05,273.75,6806.2,0.10805,-0.026307,-0.0016078,NA,NA,NA,NA,1.21,1,0.0017102,1,541,331.2375,,0,0,0.65
27.1,128.32,7455.5,0.034094,-0.017196,-0.0097428,NA,NA,NA,NA,1.21,1,0.0017102,1,542,155.2672,,0,0,0.65
27.15,199.58,10874,-0.019338,-0.0098997,0.0040008,NA,NA,NA,NA,1.21,1,0.0017102,1,543,241.4918,,0,0,0.65
27.2,203.86,5371.3,-0.069547,0.0075562,-0.005715,NA,NA,NA,NA,1.21,1,0.0017102,1,544,246.6706,,0,0,0.65
27.25,125.56,10238,-0.020402,0.0090407,-0.0011291,NA,NA,NA,NA,1.21,1,0.0017102,1,545,151.9276,,0,0,0.675
27.3,233.83,7018.3,0.029366,-0.00311,-0.00016748,NA,NA,NA,NA,1.21,1,0.0017102,1,546,282.9343,,0,0,0.7
27.35,168.81,6790,0.081492,-0.011942,-0.0046736,NA,NA,NA,NA,1.21,1,0.0017102,1,547,204.2601,,0,0,0.7
27.4,202.23,10090,0.026137,0.0070154,0.0036144,NA,NA,NA,NA,1.21,1,0.0017102,1,548,244.6983,,0,0,0.7
27.45,199.91,5479.2,-0.077124,-0.0068183,-0.0073315,NA,NA,NA,NA,1.21,1,0.0017102,1,549,241.8911,,0,0,0.7
27.5,108.36,9727.3,-0.021505,-0.00095809,-0.0045953,NA,NA,NA,NA,1.21,1,0.0017102,1,550,131.1156,,0,0,0.7
27.55,282.82,11457,-0.015187,-0.024143,0.0042131,NA,NA,NA,NA,1.21,1,0.0017102,1,551,342.2122,,0,0,0.7
27.6,179.43,4968.3,0.044528,-0.029119,-0.0033516,NA,NA,NA,NA,1.21,1,0.0017102,1,552,217.1103,,0,0,0.7
27.65,143.72,10294,0.070213,-0.015928,0.0041364,NA,NA,NA,NA,1.21,1,0.0017102,1,553,173.9012,,0,0,0.7
27.7,240.94,6551,0.009507,0.039888,-0.0053617,NA,NA,NA,NA,1.21,1,0.0017102,1,554,291.5374,,0,0,0.7
27.75,179.69,6714.2,-0.065039,0.041847,0.00013566,NA,NA,NA,NA,1.21,1,0.0017102,1,555,217.4249,,0,0,0.7
27.8,190.15,8296.2,0.010881,0.012519,-0.00069947,NA,NA,NA,NA,1.21,1,0.0017102,1,556,230.0815,,0,0,0.7
27.85,201.47,6002.6,0.039507,-0.033529,-0.0020355,NA,NA,NA,NA,1.21,1,0.0017102,1,557,243.7787,,0,0,0.7
27.9,149.51,9882.6,-0.0093913,-0.010269,0.0004455,NA,NA,NA,NA,1.21,1,0.0017102,1,558,180.9071,,0,0,0.7
27.95,255.4,6122.4,-0.062883,0.00088199,-0.0042061,NA,NA,NA,NA,1.21,1,0.0017102,1,559,309.034,,0,0,0.7
28,114.39,8500.8,-0.023511,0.0079281,-0.0072991,NA,NA,NA,NA,1.21,1,0.0017102,1,560,138.4119,,0,0,0.7
28.05,258.24,8899.6,-0.036029,0.00082129,0.0088816,NA,NA,NA,NA,1.21,1,0.0017102,1,561,312.4704,,0,0,0.7
28.1,167.08,6038.5,0.028357,-0.050408,-0.0015592,NA,NA,NA,NA,1.21,1,0.0017102,1,562,202.1668,,0,0,0.7
28.15,157.09,9907.9,0.029279,-0.036309,0.0017531,NA,NA,NA,NA,1.21,1,0.0017102,1,563,190.0789,,0,0,0.7
28.2,263.97,6188.7,-0.013657,0.0030071,-0.0067013,NA,NA,NA,NA,1.21,1,0.0017102,1,564,319.4037,,0,0,0.7
28.25,112.08,9014.4,-0.0075854,0.0090747,-0.0026886,NA,NA,NA,NA,1.21,1,0.0017102,1,565,135.6168,,0,0,0.7
28.3,237.31,9681.1,-0.046238,0.0079824,0.0066699,NA,NA,NA,NA,1.21,1,0.0017102,1,566,287.1451,,0,0,0.7
28.35,185.64,5412.9,0.0034981,-0.035928,-0.003364,NA,NA,NA,NA,1.21,1,0.0017102,1,567,224.6244,,0,0,0.7
28.4,113.16,10445,0.012262,-0.010478,-0.0010402,NA,NA,NA,NA,1.21,1,0.0017102,1,568,136.9236,,0,0,0.7
28.45,299.57,7540,0.023742,-0.010658,-0.00043907,NA,NA,NA,NA,1.21,1,0.0017102,1,569,362.4797,,0,0,0.7
28.5,138.78,5956,-0.007296,0.019464,-0.0041284,NA,NA,NA,NA,1.21,1,0.0017102,1,570,167.9238,,0,0,0.7
28.55,144.25,10763,-0.0060624,0.027918,0.0066423,NA,NA,NA,NA,1.21,1,0.0017102,1,571,174.5425,,0,0,0.7
28.6,247.69,5341.1,-0.06569,-0.0067628,-0.007761,NA,NA,NA,NA,1.21,1,0.0017102,1,572,299.7049,,0,0,0.7
28.65,95.88,8162.7,-0.0049948,-0.010356,-0.0048792,NA,NA,NA,NA,1.21,1,0.0017102,1,573,116.0148,,0,0,0.7
28.7,241.98,9388.5,0.021674,-0.032423,0.011745,NA,NA,NA,NA,1.21,1,0.0017102,1,574,292.7958,,0,0,0.7
28.75,187.46,5050.4,0.04002,0.0032161,-0.0047795,NA,NA,NA,NA,1.21,1,0.0017102,1,575,226.8266,,0,0,0.7
28.8,109.62,10467,0.022127,0.020021,0.00077221,NA,NA,NA,NA,1.21,1,0.0017102,1,576,132.6402,,0,0,0.7
28.85,299.56,8252.4,-0.049353,0.017171,0.0060653,NA,NA,NA,NA,1.21,1,0.0017102,1,577,362.4676,,0,0,0.7
28.9,151.29,5611.5,-0.043116,0.0026074,-0.0085352,NA,NA,NA,NA,1.21,1,0.0017102,1,578,183.0609,,0,0,0.7
28.95,100.17,11241,0.0052978,0.0012786,0.0029468,NA,NA,NA,NA,1.21,1,0.0017102,1,579,121.2057,,0,0,0.7
29,297.05,8191.1,0.022887,-0.015034,0.0011485,NA,NA,NA,NA,1.21,1,0.0017102,1,580,359.4305,,0,0,0.7
29.05,161.34,6322.6,0.045115,-0.010395,-0.0011478,NA,NA,NA,NA,1.21,1,0.0017102,1,581,195.2214,,0,0,0.7
29.1,118.52,10006,0.030302,0.012371,0.0013344,NA,NA,NA,NA,1.21,1,0.0017102,1,582,143.4092,,0,0,0.7
29.15,278.63,7107.6,-0.042745,-0.0072091,0.0016269,NA,NA,NA,NA,1.21,1,0.0017102,1,583,337.1423,,0,0,0.7
29.2,116.51,7071.3,-0.027902,-0.014772,-0.01076,NA,NA,NA,NA,1.21,1,0.0017102,1,584,140.9771,,0,0,0.7
29.25,227.95,10030,-0.033061,-0.022735,0.0086093,NA,NA,NA,NA,1.21,1,0.0017102,1,585,275.8195,,0,0,0.7
29.3,171.72,5823.2,0.033216,-0.015627,-0.0047971,NA,NA,NA,NA,1.21,1,0.0017102,1,586,207.7812,,0,0,0.7
29.35,141.79,11058,0.02742,0.006249,0.0026562,NA,NA,NA,NA,1.21,1,0.0017102,1,587,171.5659,,0,0,0.725
29.4,284.49,5592.9,-0.012335,0.009204,-0.006628,NA,NA,NA,NA,1.21,1,0.0017102,1,588,344.2329,,0,0,0.75
29.45,121.1,7429.9,-0.024664,0.0010875,-0.0060913,NA,NA,NA,NA,1.21,1,0.0017102,1,589,146.531,,0,0,0.75
29.5,228.82,10353,-0.049824,-0.0033569,0.0060043,NA,NA,NA,NA,1.21,1,0.0017102,1,590,276.8722,,0,0,0.75
29.55,188.72,5037.7,0.012097,-0.025901,-0.0048104,NA,NA,NA,NA,1.21,1,0.0017102,1,591,228.3512,,0,0,0.75
29.6,104.09,9477.5,0.023782,-0.0037533,-0.0013604,NA,NA,NA,NA,1.21,1,0.0017102,1,592,125.9489,,0,0,0.75
29.65,280.1,8157.1,0.05217,0.0042974,0.0054417,NA,NA,NA,NA,1.21,1,0.0017102,1,593,338.921,,0,0,0.75
29.7,131.68,6553.9,-0.027667,-0.0093808,-0.0049975,NA,NA,NA,NA,1.21,1,0.0017102,1,594,159.3328,,0,0,0.75
29.75,200.83,8959.6,-0.041104,0.027344,0.0053565,NA,NA,NA,NA,1.21,1,0.0017102,1,595,243.0043,,0,0,0.75
29.8,193.04,6023,0.0016855,-0.031231,-0.0040443,NA,NA,NA,NA,1.21,1,0.0017102,1,596,233.5784,,0,0,0.75
29.85,169.46,8145.3,0.0022833,-0.011921,-0.0020635,NA,NA,NA,NA,1.21,1,0.0017102,1,597,205.0466,,0,0,0.75
29.9,240.45,7269.1,0.0094654,0.025035,0.0028502,NA,NA,NA,NA,1.21,1,0.0017102,1,598,290.9445,,0,0,0.75
29.95,138.75,7104.2,-0.021612,-0.036905,-0.0022059,NA,NA,NA,NA,1.21,1,0.0017102,1,599,167.8875,,0,0,0.75
30,252.84,8006.7,-0.028946,-0.0078936,-0.0023597,NA,NA,NA,NA,1.21,1,0.0017102,1,600,305.9364,,0,0,0.75
30.05,140.66,7905.8,-0.0093667,0.00029428,-0.00037594,NA,NA,NA,NA,1.21,1,0.0017102,1,601,170.1986,,0,0,0.75
30.1,245.77,8458.3,-0.0036252,-0.023793,0.0055237,NA,NA,NA,NA,1.21,1,0.0017102,1,602,297.3817,,0,0,0.75
30.15,159.56,6170.8,0.011636,0.014171,-0.0035932,NA,NA,NA,NA,1.21,1,0.0017102,1,603,193.0676,,0,0,0.75
30.2,152.37,10937,0.0084195,0.013425,0.0034936,NA,NA,NA,NA,1.21,1,0.0017102,1,604,184.3677,,0,0,0.75
30.25,302.95,5287.8,-0.050359,-0.026023,-0.0078153,NA,NA,NA,NA,1.21,1,0.0017102,1,605,366.5695,,0,0,0.75
30.3,97.06,7496.1,-0.010271,-0.0042903,-0.0044111,NA,NA,NA,NA,1.21,1,0.0017102,1,606,117.4426,,0,0,0.75
30.35,156.66,11382,-0.0068683,0.0067476,0.0023007,NA,NA,NA,NA,1.21,1,0.0017102,1,607,189.5586,,0,0,0.75
30.4,259.16,4842.1,-0.026423,0.085528,-0.018822,NA,NA,NA,NA,1.21,1,0.0017102,1,608,313.5836,,0,0,0.75
30.45,130.64,7522.6,0.051372,0.041738,-0.0059472,NA,NA,NA,NA,1.21,1,0.0017102,1,609,158.0744,,0,0,0.75
30.5,195.44,7147.7,0.052261,-0.0092091,0.0040824,NA,NA,NA,NA,1.21,1,0.0017102,1,610,236.4824,,0,0,0.75
30.55,210.64,6986.5,-0.023819,-0.061552,-0.0019666,NA,NA,NA,NA,1.21,1,0.0017102,1,611,254.8744,,0,0,0.75
30.6,190.63,7818.3,-0.0033557,0.004593,-0.0029354,NA,NA,NA,NA,1.21,1,0.0017102,1,612,230.6623,,0,0,0.75
30.65,204.15,6789.2,0.033698,0.032863,-0.00043617,NA,NA,NA,NA,1.21,1,0.0017102,1,613,247.0215,,0,0,0.75
30.7,145.32,9752.8,-0.014108,0.0094232,-0.0011365,NA,NA,NA,NA,1.21,1,0.0017102,1,614,175.8372,,0,0,0.75
30.75,256.51,6056.3,-0.058965,-0.02252,-0.003005,NA,NA,NA,NA,1.21,1,0.0017102,1,615,310.3771,,0,0,0.75
30.8,128.46,8206.9,-0.01569,-0.024288,-0.004266,NA,NA,NA,NA,1.21,1,0.0017102,1,616,155.4366,,0,0,0.75
30.85,241.17,7292.1,-0.010077,-0.044726,0.0032919,NA,NA,NA,NA,1.21,1,0.0017102,1,617,291.8157,,0,0,0.75
30.9,160.63,5652.3,0.019526,0.047178,-0.0061287,NA,NA,NA,NA,1.21,1,0.0017102,1,618,194.3623,,0,0,0.75
30.95,175.24,9655.3,0.017276,0.049533,0.0011363,NA,NA,NA,NA,1.21,1,0.0017102,1,619,212.0404,,0,0,0.75
31,239.63,5893.5,-0.0048398,-0.054574,-0.00095653,NA,NA,NA,NA,1.21,1,0.0017102,1,620,289.9523,,0,0,0.75
31.05,111.03,8289.8,-0.018129,-0.0016348,-0.0046385,NA,NA,NA,NA,1.21,1,0.0017102,1,621,134.3463,,0,0,0.75
31.1,256.7,10121,-0.012886,0.018054,0.0075918,NA,NA,NA,NA,1.21,1,0.0017102,1,622,310.607,,0,0,0.75
31.15,172.94,4753.1,-0.0026805,0.016204,-0.0044856,NA,NA,NA,NA,1.21,1,0.0017102,1,623,209.2574,,0,0,0.75
31.2,92.16,9892.4,0.0013485,0.0085153,-0.0011943,NA,NA,NA,NA,1.21,1,0.0017102,1,624,111.5136,,0,0,0.75
31.25,322.16,8738.8,-0.063197,-0.01117,0.011768,NA,NA,NA,NA,1.21,1,0.0017102,1,625,389.8136,,0,0,0.75
31.3,150.38,5116.7,-0.037462,-0.030116,-0.0036418,NA,NA,NA,NA,1.21,1,0.0017102,1,626,181.9598,,0,0,0.75
31.35,131.49,10890,0.005087,-0.018792,0.0025087,NA,NA,NA,NA,1.21,1,0.0017102,1,627,159.1029,,0,0,0.75
31.4,228.87,5068.7,0.041954,-0.031454,-0.011673,NA,NA,NA,NA,1.21,1,0.0017102,1,628,276.9327,,0,0,0.75
31.45,146.79,8249.8,0.051773,0.031195,-0.0027913,NA,NA,NA,NA,1.21,1,0.0017102,1,629,177.6159,,0,0,0.775
31.5,224.42,5828.6,-0.027929,-0.00047387,0.005273,NA,NA,NA,NA,1.21,1,0.0017102,1,630,271.5482,,0,0,0.8
31.55,135.98,6279.5,-0.063226,-0.007155,-0.006394,NA,NA,NA,NA,1.21,1,0.0017102,1,631,164.5358,,0,0,0.8
31.6,265.34,7965.3,-0.017553,-0.0035397,0.0039706,NA,NA,NA,NA,1.21,1,0.0017102,1,632,321.0614,,0,0,0.8
31.65,142.22,5230.8,0.0013238,-0.03936,-0.0035912,NA,NA,NA,NA,1.21,1,0.0017102,1,633,172.0862,,0,0,0.8
31.7,125.28,9358.1,0.028519,-0.00056868,0.00039219,NA,NA,NA,NA,1.21,1,0.0017102,1,634,151.5888,,0,0,0.8
31.75,310.45,7651.6,-0.0058591,0.001494,0.006896,NA,NA,NA,NA,1.21,1,0.0017102,1,635,375.6445,,0,0,0.8
31.8,118.33,5093.4,-0.059877,-0.013978,-0.0032898,NA,NA,NA,NA,1.21,1,0.0017102,1,636,143.1793,,0,0,0.8
31.85,170.8,10310,-0.033056,-0.00069053,0.0029045,NA,NA,NA,NA,1.21,1,0.0017102,1,637,206.668,,0,0,0.8
31.9,237.71,4725.4,-0.0406,-0.06665,-0.014347,NA,NA,NA,NA,1.21,1,0.0017102,1,638,287.6291,,0,0,0.8
31.95,104.24,7015.1,0.021808,-0.023457,-0.0040773,NA,NA,NA,NA,1.21,1,0.0017102,1,639,126.1304,,0,0,0.8
32,186.09,8677.7,0.054388,-0.029566,0.0064005,NA,NA,NA,NA,1.21,1,0.0017102,1,640,225.1689,,0,0,0.8
32.05,227.96,5998.2,0.0222,-0.022336,-0.006065,NA,NA,NA,NA,1.21,1,0.0017102,1,641,275.8316,,0,0,0.8
32.1,161.71,7832.8,-0.025129,0.029936,-0.00051479,NA,NA,NA,NA,1.21,1,0.0017102,1,642,195.6691,,0,0,0.8
32.15,209.08,7021.5,0.0023036,-0.0057599,-0.0016842,NA,NA,NA,NA,1.21,1,0.0017102,1,643,252.9868,,0,0,0.8
32.2,209.84,7443.5,-0.0060586,-0.025097,-0.00077014,NA,NA,NA,NA,1.21,1,0.0017102,1,644,253.9064,,0,0,0.8
32.25,163.7,7893.9,-0.0022948,0.01498,-0.00088729,NA,NA,NA,NA,1.21,1,0.0017102,1,645,198.077,,0,0,0.8
32.3,226.86,7930.7,0.029978,0.0016982,0.0015005,NA,NA,NA,NA,1.21,1,0.0017102,1,646,274.5006,,0,0,0.8
32.35,170.18,8140.5,-0.013159,0.017549,-0.0018376,NA,NA,NA,NA,1.21,1,0.0017102,1,647,205.9178,,0,0,0.8
32.4,208.68,7807.1,0.0086234,0.011047,-0.0016102,NA,NA,NA,NA,1.21,1,0.0017102,1,648,252.5028,,0,0,0.8
32.45,178.66,7398.6,-0.014016,0.0096302,-0.0049536,NA,NA,NA,NA,1.21,1,0.0017102,1,649,216.1786,,0,0,0.8
32.5,200.47,8052,-0.0050014,0.008251,0.0037975,NA,NA,NA,NA,1.21,1,0.0017102,1,650,242.5687,,0,0,0.8
32.55,212.19,6192.2,0.010411,-0.035458,-0.0012927,NA,NA,NA,NA,1.21,1,0.0017102,1,651,256.7499,,0,0,0.8
32.6,152.77,8518.7,-0.03778,0.014529,0.0021591,NA,NA,NA,NA,1.21,1,0.0017102,1,652,184.8517,,0,0,0.8
32.65,224.13,6170.2,-0.011709,0.029647,-0.011312,NA,NA,NA,NA,1.21,1,0.0017102,1,653,271.1973,,0,0,0.8
32.7,160.58,9159,-0.0071078,-0.023955,0.0033092,NA,NA,NA,NA,1.21,1,0.0017102,1,654,194.3018,,0,0,0.8
32.75,245.9,5479.8,0.010175,-0.0061949,-0.0059498,NA,NA,NA,NA,1.21,1,0.0017102,1,655,297.539,,0,0,0.8
32.8,126.12,8953.6,0.018816,-0.03086,-0.0017858,NA,NA,NA,NA,1.21,1,0.0017102,1,656,152.6052,,0,0,0.8
32.85,230.67,6910.2,-0.0041566,-0.046147,0.0065344,NA,NA,NA,NA,1.21,1,0.0017102,1,657,279.1107,,0,0,0.8
32.9,194.32,4993.3,-0.025041,0.012609,-0.0038527,NA,NA,NA,NA,1.21,1,0.0017102,1,658,235.1272,,0,0,0.8
32.95,130.41,10126,0.012632,0.0018399,0.00062916,NA,NA,NA,NA,1.21,1,0.0017102,1,659,157.7961,,0,0,0.8
33,306.94,6563.8,0.036967,-0.028787,0.0021798,NA,NA,NA,NA,1.21,1,0.0017102,1,660,371.3974,,0,0,0.8
33.05,111.2,6421.5,0.00221,-0.012684,-0.0097157,NA,NA,NA,NA,1.21,1,0.0017102,1,661,134.552,,0,0,0.8
33.1,173.83,10649,-0.006323,0.010404,0.0093861,NA,NA,NA,NA,1.21,1,0.0017102,1,662,210.3343,,0,0,0.8
33.15,244.91,4434.3,-0.076787,0.024437,-0.020799,NA,NA,NA,NA,1.21,1,0.0017102,1,663,296.3411,,0,0,0.8
33.2,102.91,7582,-0.020073,0.021201,-0.0033075,NA,NA,NA,NA,1.21,1,0.0017102,1,664,124.5211,,0,0,0.8
33.25,205.5,9251.3,-0.005797,0.027921,0.010185,NA,NA,NA,NA,1.21,1,0.0017102,1,665,248.655,,0,0,0.8
33.3,235.54,5700,0.05425,-0.075652,-0.0050458,NA,NA,NA,NA,1.21,1,0.0017102,1,666,285.0034,,0,0,0.8
33.35,139.91,7248.7,0.050978,-0.042799,-0.0068547,NA,NA,NA,NA,1.21,1,0.0017102,1,667,169.2911,,0,0,0.8
33.4,251.54,7085,-0.027092,0.016528,0.0025968,NA,NA,NA,NA,1.21,1,0.0017102,1,668,304.3634,,0,0,0.8
33.45,168.55,5836.3,-0.038326,0.0065889,-0.0047123,NA,NA,NA,NA,1.21,1,0.0017102,1,669,203.9455,,0,0,0.8
33.5,122.44,10792,0.00032357,-0.014299,0.0064199,NA,NA,NA,NA,1.21,1,0.0017102,1,670,148.1524,,0,0,0.8
